giga_id_school,latitude,longitude
0098e210-ef0d-337d-8602-e0e3358d5518,47.77639007,27.79611015
018a5893-a9fc-32c9-bb04-98027851bbea,48.3025,27.3072
0215f91d-9ee1-37a4-9271-96a03f529d64,47.252,28.021
02328b18-4e78-31b4-80a1-339d6ade0b95,46.672554,28.406118
024bfbbd-0564-37d5-b4b4-fac272e90017,46.187078,28.386687
026fec9d-aef2-3b61-b55c-fb656e27fce6,47.226046,28.434472
028cfe3e-109c-3288-8a2b-99d4df3300b0,47.236292,28.206476
0307fdfc-dd59-3831-bb3c-c5f7f0c5f73e,48.293467,27.985241
034ee4e8-d4a7-3a67-888d-75ccd61bff45,47.534282,28.4498476
03efe2d7-c815-3b85-ad96-8e7cd44bf75e,47.125748,29.194403
043eeb92-4665-3fa3-b9cd-ec873a99ce44,48.0478502,27.1884551
04f557d8-47b1-3a3c-ba1c-631615dc786f,46.901056,29.138909
0592f7a8-20dd-3787-8959-7f2534d4561e,47.797923,28.716589
05a6fa24-d5f9-34c2-bb53-efe440f0bf80,48.05856,28.14328
069d00c3-61ca-3720-8e68-ab28610b1982,46.356738,28.405848
069d505a-b9c9-3ffa-b3e1-56392175b687,47.8563,28.2422
06f5a2a9-c7b7-3262-931a-6176dae6f111,46.5468,29.8256
078f96f6-e7f2-3689-b69b-1a7fc19080d3,46.43867,30.045643
0825f6e5-9720-38a5-ade4-54e62081fd5d,48.080698,27.622213
0828091b-3f8a-3a0b-96fa-18038e10b307,47.795364,28.099568
08ccd4be-41d2-33ba-825e-8d433d4b474e,47.04089,28.88684
08e3ddd9-6c55-30b8-814f-84a80166654e,45.532073,28.437395
08e5cfca-ea11-37c8-b070-405783bea157,47.0189705,28.828083
091ebb33-d38b-3b94-b2dd-df47fda97cfd,47.163749,28.948657
095f3211-53b6-310d-8aca-3a39bcec2b26,48.231515,28.060121
09d9b597-7bc3-3ca5-99be-c88c02bacc46,48.049739,28.555743
0a86dbc5-15b8-33d0-9308-101f2e2656a8,47.040327,28.799986
0ae322cb-652e-3822-8a50-394508c17d6b,47.03964,28.809671
0aec99f1-9511-332a-b4f2-960414c21974,47.7707367,27.929538
0af98390-8ab2-3504-ae02-116ded26018f,47.3728,28.275
0b2c0af1-65b3-3abc-a255-3be34feca6dc,48.1816,27.29187
0b41e3ae-5d9b-3775-84a8-a16d703574ac,48.4455,27.7338
0c12eb0a-848d-3c0d-823f-dfd5ea31c5fc,47.905834197,27.435556
0c84afe4-9c4d-3c8d-be1c-bac674d01329,47.1366,28.959
0c9a20cb-5976-3d14-88ef-324447bb2b82,46.751867,28.644396
0d61f255-9bfc-37a6-8e7f-52244129c5a8,46.54243,29.56725
0da4e23c-26b3-3722-b504-3825b2c94c03,47.057011,28.11269
0dc84edf-6314-32f5-a968-303296036505,48.01185,28.216578
0ded7f64-5f49-3fe6-87ee-bcd1b8299757,47.682782,28.663999
0e54e6d9-52f8-37a3-a0a1-fa7c4d79eb7a,46.927516,29.456848
0e6e8a79-dc9d-3022-bf51-e194e7354303,46.6986122131347,28.5419445037841
0e80572b-1392-3092-b1de-b225e5aa8b3e,46.9088291,28.9360088
0eba9233-34ce-3aeb-93a7-57f9d2cb486e,47.00372,28.49249
0f09acef-222c-3cf5-aa4a-ea83781d4f7b,47.8486,27.6494
0f7c0fb0-3ade-335a-b3ba-f22f2af76ac0,47.070789,28.071947
1008275a-6dfa-3b69-9c72-8ba9afeaec04,47.711635,28.707544
1019d922-f897-3c19-a27e-6146e73f3101,47.49455,28.61868
10b03efa-f4e1-3018-a56c-c7936556af8b,48.180537,26.974511
10bda192-837e-3670-869d-67f44cfcb4d6,47.129258,28.893954
11d36576-1602-3a50-85d9-f3806391e4be,46.82629,28.36341
11d4de0a-6f9e-36ec-b05f-7972909ade7e,46.230693,28.648978
120191a6-3536-3791-838f-fd26cd2164bf,47.439638,28.79462
12e48f5f-585f-318e-8ad5-1d72f518b5e8,47.775186,27.932757
133f7c07-a1ee-3585-9c79-abea33a0908d,46.714748,28.950235
133fd72b-061f-360f-b3dd-6a648c95c725,47.26318,29.042741
137fd724-c47b-3c6f-b181-6b54fc2d08df,47.4663,28.5183
144d81af-ca99-36f7-9c57-96cac420ee66,46.5173,29.662
1488aed1-0cf0-3861-b1ec-884d3bd0a21b,47.046139,28.490757
1546cd0a-7df6-38a4-bf3b-8fe5805ff1ae,47.096351,28.869257
16036fb7-afb6-388c-a66b-5d779b15fe70,47.1662,29.11737
160e2b61-1e15-369f-8d8d-65bfaabb330a,47.935204,28.064795
168938f2-ecca-3a4d-863d-2b7d537e05e0,48.086935,27.72181
17374dc9-56b8-3365-8056-e627ab950cbf,45.7792,28.6244
1743328e-fb51-38c4-b2fa-74ab7d42d8d5,47.964152,28.116767
18243bdf-8e4e-391f-aeae-0f1bf7ac34d9,45.9888,28.3363
185a7313-3d55-38e6-967d-61c75bb5982c,48.01676,28.31497
197dd91f-6052-3a7b-a754-8281bda5dbfd,45.5763893,28.17388916
19883bf0-ec83-3095-8832-72d908577e1d,47.028987,28.830485
1a0c2ad0-158d-346e-879c-c798665185c2,46.85734,28.984574
1a7f0bc3-e7ce-3d32-95ed-9c8074807768,47.18943,27.926185
1aa2cb64-e371-3319-96c1-48b227798500,46.886778,29.308621
1aaa8da6-63fd-328b-987a-1f259898d822,47.6249457,27.4340028
1ac65031-1acf-3f43-90f2-bf448cb4e636,45.8066673278,28.427778
1b3ebee3-0e76-352a-b21c-72ab05782856,48.178315,27.586308
1bc3499a-4302-3f17-a866-cc484c7a1e5a,46.857889,28.250056
1bfb82bc-fdc6-3f1c-9039-c0a877dc9848,48.067774,28.469523
1c5d6be7-e1a0-3217-a581-ecc05738e940,47.2885449,28.979187
1c697d15-777e-3034-9275-f041c7c71681,46.83991,28.58448
1d1f04c7-3a8e-30fe-9ad9-34c766c0d443,46.736447,29.190989
1d49bbd8-e46f-3cc2-ae99-407930adb983,47.0115,28.55031
1d64f059-4b6a-3f78-8387-964d334a1b17,47.033575,28.833943
1d9e2294-1c41-31cf-97cc-abbd5ea1a29e,47.269539,29.066618
1e006fa0-d275-3b0d-adf9-75acab9c9ae9,47.230343,27.882672
1ef87b90-1271-30d2-aa98-cd175933d919,47.47775,28.97807
1f1a6654-f35c-3719-956b-96e10a6e684a,47.686029,28.055919
1f7291b8-cfc2-3d92-96cd-9ea7437b6e42,47.306306,27.746334
1f7a3c1a-d41d-3400-a404-0e0dd1e5e4ce,46.904322,29.089495
1fab565f-5dfe-3666-877e-1ee0d923cdcd,47.294002,27.999664
1fc15281-17bb-3e3b-98d3-ffa3a24dd358,46.331343,28.447972
20103676-a416-3444-bd6b-af8d1585b663,47.5431,28.3845
201f012e-d03d-3fab-ab3f-4394674458cd,47.838323,28.126389
2091bd36-9e10-389d-be01-75273629ce60,47.1555,28.7818
2136747e-1802-31ca-8f9b-b3928c30578e,47.3947,28.1716
218bf55a-67a1-3884-b11f-05014fcb34ab,46.04472351,28.41277697
26709500-3718-302c-acea-f1a4238184e6,47.003248,28.82184
230c651f-7c25-3ace-9e5b-f6e45489217e,48.0753566,27.397817
232091dc-44ee-30b9-b1c1-875ba9c1a4d7,46.886928,28.995833
23481cac-0752-37fc-a13f-0ae6be374859,46.841209,29.367544
23483e87-ff7f-3189-8163-293f569014c6,47.067809,29.131899
238141a1-1b2d-3f25-b908-de2363846293,46.608832,28.463988
2390cba1-ed9d-3dea-97df-dfd2389a0e35,47.3733947,28.3800073
23cfa407-d443-3b2e-80a3-94050e4579ab,47.9010132,27.3437303
24a65046-6dcc-3860-865f-2528131a5c75,46.943094,28.926292
24a68cb4-ce54-3674-afc7-60c5d0f36df3,47.657616,28.380559
24ded168-840f-38e8-b3aa-5971cd4259b3,47.957,27.427
25694b65-4363-3e84-962a-52245d304bd5,46.9323,29.21214
25ae26a1-1921-3055-a4cf-5b76df22c80b,46.927042,29.069395
25ff76ba-0dc7-3024-b269-47c57cd46554,46.979502,28.469303
26138cd2-3f39-3aeb-82db-fb7904fa2f3d,46.9973398,28.815817
26832ea6-4b1b-354d-82da-4662cfb6217c,46.886049,28.321283
268f49b9-b324-3bb3-a10b-f767dedfa5bb,46.980271,28.839004
26a1884b-7c60-334a-824a-d45bee30b21b,47.80297,28.791262
26a7998d-5f2e-3aeb-b2a9-769c6d86f462,46.9781714004596,28.8349192847096
3592893f-233c-32e1-8c9b-690c5d90d405,47.022461,28.408305
26cc8754-7292-3771-a2c3-096e93fd3bab,46.638225,29.40513
26fe8cd8-d56a-35e5-8175-464d0b43f2d6,47.539851,28.503219
27c3655c-e9c1-3686-aa80-47e5128cd6a7,47.168257,28.834558
27ffa1b4-63c4-3843-b037-c8b08783bef9,47.4333,27.6672
2878ad2c-bb17-35b3-b27e-cdebd5dd2bf9,47.401951,28.151597
28cbd6b6-3039-3089-97c0-ec12b3fdce59,47.235214,27.77712
28d89784-c03d-332c-a4b2-bab4a37f0ed6,47.0811119,28.259166
28e185ef-7a4a-33bc-b77a-b9a1dc81506b,48.095414,28.097911
29caa606-b689-367c-bf96-703454945b55,48.122961,27.388706
2a897880-f842-3df2-9cc4-34cbb03ed6e8,47.784127,27.933995
2acd8b36-a83b-33ca-8a5c-661ce91a5f98,47.703081,28.308916
2b2f7432-87fb-30f3-82a3-736d794f9c3a,46.221517,28.418067
2bee468a-58d0-3a94-a0d4-7ee441658e23,47.433894,28.287407
2db0b3af-1138-3141-9aa3-a156dc9a7d4b,46.97646,28.872975
2dc81f84-0014-3d6f-a2cb-cbe78a5e3a71,48.3052,27.7869
2dddb6f8-d384-3889-8812-d6357a26c35e,45.914138793,28.371849
2e2edc02-d291-37a3-985b-805fef304563,46.978866,28.858053
2e5e3fa5-83f3-38c8-aae2-ca3e159752c9,48.269414,26.72097
2e65f7c9-ec23-33f3-b36d-c7097e689465,45.938381,28.346606
2ec11757-2a15-3f3a-b8cd-7e225ebeac47,46.590899,28.510087
2f295108-5fce-31c5-9a51-f63412e6296a,45.579618,28.16982
303cf1e9-0d0b-3ef8-94b3-0786fd398dd8,48.2250908128239,27.0417308982355
315b9c83-a60a-36c2-9d50-5a0fd51952bc,48.292414,26.935575
3188ba50-a95f-39e3-a1f1-08e780829159,47.249699,28.321354
31c06994-f1d7-370f-bd9f-9ef7a06abdc6,46.098214,28.596664
31e627aa-7f13-3ac9-9ed3-1d1d89ba7cb5,47.390907,27.803954
31f5e695-b2bb-32b7-a182-1e493af89e82,47.203309,28.245963
322fcc50-29de-3cf2-bb10-312f9c38230a,47.357634,28.72155
32357995-3092-3bc3-8a11-bd3ca282db91,46.824871,28.584694
32a17dc0-f302-3119-8a36-e150c9791b42,47.9819,28.7036
32a37c92-93f3-344e-8c4e-f839d9dcaf8b,47.34892,27.89252
33a2d2b3-370c-346a-bbfb-6f5688a37e8a,47.2661,28.708
33cd6b02-2b79-319b-a8da-3fe6537093c6,47.938610076,28.8269443
33dceb18-2bc9-359a-9fe8-39ed9f034fe9,47.915921,27.25987
346e1ac2-b0ab-30cc-a5f0-6d549b0687f7,48.383057,27.777111
35896895-718c-3044-be39-777137a6fe2c,46.900809,29.313369
377871ef-6a20-3c72-874d-8a95c9786428,47.395048,27.700282
353194e8-9c8c-3291-9154-2adedd141114,46.941357,28.93722
354e18dd-86ab-37cc-a83d-92270f8b1dfd,48.125163,28.087843
365fc481-f775-3943-83a4-45df13bee520,47.339869,28.6228179
3708f1d1-4d69-35ab-ba4b-b6aaf2f2d7d9,47.817076,28.124024
37c11983-3884-3480-9905-f8f55543b20a,45.965557,28.3488883
37e4ef48-9eba-319e-a490-f8f6f792909e,48.311946,27.146296
3800a619-33ec-31f0-bbd1-293ab8329a75,47.133054,28.305135
38390175-5f62-35f2-aa3c-f66445db0d60,48.0852,27.1743
3923c86f-2217-3bfc-89b9-647be906f422,46.106572,28.407958
398aadce-4878-3491-85ef-be3cc2543cb3,48.344135,26.935383
39ca54a2-f626-3762-b841-eb88840ae299,47.0575,28.57175
39dc351f-1c75-3cdb-993a-0d75a986389d,46.538014,28.615518
3ab9f46b-903e-344f-8f30-84df75a26893,47.166535,28.808709
3b5e8ca1-cd57-3d94-b9dd-c88c6c48122a,47.282182,28.687879
3b701ab8-b9aa-3baf-a780-892018ef4b83,47.04629,28.42283
3bba6903-1166-3e62-8148-30441cb2dfd0,46.976527,28.852825
3bc39497-f9b4-36ce-8950-6ce9059c41bf,46.8094,29.0633
3bceec5d-2d7d-37f8-ae39-4c829b4ac3dd,47.250883,28.31588
3cb9ef46-0f98-300e-9f6a-5857f4251cee,46.364661,28.931608
3d890dc1-475c-3590-9f6a-cdf58ce7fec7,47.959635,27.944541
3db7d90c-b7b9-3759-9045-a8984634b574,47.0952,28.764949
3e18f188-299d-37bb-a003-423c808d6363,48.2649,27.7891
3e2a8cc6-5456-30ac-84ce-8d3281e2f16e,46.60083,29.71805
3e4e3f75-eb36-3845-be08-ad16f5b753b0,47.558185,28.12871
3eebddfa-111a-30fe-a6a1-f1fa120bee91,48.273608,28.085709
3f6cc0f8-8a59-3207-a7c4-77b57795d7f2,46.619354,28.910866
3feba339-e990-3ebc-bd08-68992a13a6ba,47.270037,28.491966
4024eaa4-ac68-30f7-85f3-a7899ef78682,47.04307,28.86542
4074c9db-b21c-336b-9128-e2af241c8f18,48.2563896,27.4325008392
4079027b-832d-3f18-a081-3d6176b3ee36,47.254937,28.302043
41710612-39c9-324a-b75d-12d3aec61f13,46.737455,28.513534
41fb1f60-44bf-372b-9176-821b18917d05,47.7675,27.4553
42323cfd-99d5-3867-88a3-073cb06c8a54,46.825694,28.28101
42eb3463-baab-33c4-a0be-f4e73ea9f6b8,48.05944,27.34111
43a425a2-fe0e-3214-a75d-455e54c576e9,46.95726,29.305495
4429f1e6-c6e9-3b8c-894d-a6048c57f0df,47.282287,28.196864
44d64c7b-d83e-353e-91e8-dea47b6663d9,46.476189,28.639335
44ea925d-d827-3f8f-b812-1275c07e4ff6,47.0219,28.8617
44f44cf4-150a-3c03-855c-98f922d502b0,47.5403,27.6878
458cb342-e648-3aeb-997a-7c55034b44c9,47.459426,28.742127
45d9f224-1a3f-385b-bed9-b5495abd12fe,46.947346,28.769627
45f8c522-1190-3911-abab-71185d8613fc,47.987975,27.203489
462ceee9-c089-3540-a553-87808fc967f4,47.0182662,28.8273185
465478ab-45d1-305b-a457-5f85b40ba21f,47.657592,28.778205
46583f34-6c4d-3566-8bc4-e48f9a883a5a,47.598693,28.581967
47a75e43-86eb-3bd5-a7e2-483d88fbb412,45.9034,28.6755
47e8bf90-63a4-3fdb-bc9a-7022658e169b,46.71673,29.62738
4824885a-2163-341d-8265-71346fef5031,47.047164,28.867449
486949a9-a84c-3e99-82b4-86110ef7c64e,47.0027,28.83594
48b7fe91-f6ea-3385-b4e0-ed5fc421962e,45.82500076,28.1877784
48e8ca44-8124-34cf-a7fd-905786cd2b14,46.48206,28.250705
48f8834a-a27b-3044-95b9-88859470948c,47.488186,28.017217
c7b46854-6467-3917-8f08-28fd55c5bc00,47.706064,27.865105
49dcfeca-69c5-3dd3-9338-91d035eaf63e,46.49827,29.8467
49ef9698-a3ee-3501-b236-91d918b57abe,47.02405,28.88107
4a445f78-fa96-3f3f-9974-869d54617b66,47.366667,28.89999999
4ae5f8e5-492f-32ff-9666-a71293090dc4,46.905589,29.371572
4af7b2d3-5ea2-37d0-9a6c-74a0fd756205,46.014859,28.566361
4b1447ad-5ca1-397f-af60-b7ab16d28a03,46.329373,28.56114
4b58276f-cc3f-353e-8d9e-a80beafa0bfc,47.099353,29.116342
4bc0b2da-10d0-3095-aab7-a6a60167cfe3,46.591505,29.075761
4bdd04ba-6d91-3e3d-86e3-7dd21f514fd1,47.357165,28.007822
4be9b244-7373-3f5e-9020-3a5133739df9,45.904244,28.196728
4d1b5291-1ed6-3634-a108-c9c3f438a775,47.525,28.8386
4d1e12d4-2d3b-36bc-80b3-ed08bf4cea9b,48.294772,26.877465
4d6f2660-4cbb-3348-a123-582a845c9d25,47.875959,28.040151
4d9870d2-bd73-3ea6-8c7c-931205bc7a93,47.811792,28.071728
4db33e5c-6a8e-3d77-b0ed-1e3cc9088851,48.309768,26.935498
4dc6fc8b-11d0-30c5-afa5-688711948265,47.099631,29.304766
4de26cfa-0287-32bb-a84b-f8cc273e9558,48.36327,27.08512
4e930d56-54ed-3eee-a35d-1845893bd5e1,47.614315,28.475307
4ea179ee-bc16-3988-9a4e-d774f7007061,48.16506,27.10085
4f483b06-5eff-3cc5-af84-251562f89153,47.0224749,28.777205
4f872678-5731-3d93-bf4a-fcea08b8c52a,47.22195,29.003538
4ffacce6-87c3-3345-ab06-955c05e394cf,48.246131,27.926576
501b9ca8-40e6-39a3-bd4e-81aa018ad867,47.009294,29.015746
503208c7-189e-3524-a719-480b85b3e627,48.067112,27.904269
5037f335-b11b-3a54-b554-5653a51772ca,46.635833,29.664722
504da494-5239-3caa-a543-3e32d7817f6b,46.848713,28.403217
50c88ea2-0702-3607-af79-94d5240d4ca0,47.503654,28.293226
50d744b7-6a9d-3774-9be4-6fad79811612,48.251824,27.183087
512a5044-c3ce-3ea1-95f6-05406e00473a,47.7207,27.8218
5172e46b-d561-3bf5-97d3-0b30ac096f34,47.383895,28.599326
52d904c7-3d59-34ee-b5c1-d4567f5a6945,47.02781,28.7891
536e4b20-0221-366b-8420-5dc843090361,46.262552,28.338855
53d4555d-5278-3fa5-9158-68977b8b6be8,47.75487,27.92927
53e6aa25-bb42-3dab-916f-00b993292f43,46.643539,29.658763
54554f88-325d-3215-9441-9f18d52119a6,46.467784,29.815938
5503dd25-671a-3dc3-a2d5-2051c8cf1b0d,47.7392,27.802
5564f4a7-12ae-31d6-8fa8-98feca57ef59,46.875359,28.161114
558b6152-5e04-39ed-b306-20f2a028cfb9,45.758699,28.506183
55b3eb0e-071a-3bd2-b2a1-7ca0b17c4460,47.75969,27.89655
55b66d15-c67d-34fa-bcb8-a515e553d6c3,47.07957,28.1667045
55c7beff-7e8c-3b0c-b54f-036adbd2d94b,46.9637111,28.567972
55d9d3a0-49e2-371c-b262-5886f134448b,48.038002,28.088235
56ffee62-bf3e-34fb-a6ae-cae6ac59a832,47.041293,28.892103
5733eaa9-009b-3b8f-ad87-52125618b31a,48.4403,27.615176
57d67635-513b-3a80-a99e-6bc894cf6357,47.484818,28.200164
57f1d19b-b592-3ec9-be1a-a0a857e2d19a,47.590562,27.886552
57f26535-51e5-31f7-b119-f1d650238062,47.553915,28.909084
587769c6-8354-3cc0-b50b-3a7c56cda0c2,46.72999954,29.013055801
58bb82ad-2dfa-347d-bcf7-de137e36bb74,47.010175,29.295564
58dbc9ed-26c7-3245-9ae8-3a329e84de07,47.0738,28.735
58e847a2-c7f7-3c2e-b4a2-31fe7106936a,48.19967,28.158111
59dde915-210a-35a3-8cf6-0d8b8691cde2,46.921694,28.186486
5a2bf61b-5407-3d6f-932a-63c67323c05b,47.264787,28.1277573
5afabb69-0449-3772-8f03-b614c04ad810,46.903146,28.541871
5c0349d6-cd05-351c-a181-38dfda93d489,47.63599,27.711029
5c227f75-6b7a-349d-8866-d7ebd39b4d14,46.70854,29.448764
5c7c61f6-45b1-362a-b474-622b1084afda,47.51555633,28.861389
5c963c63-a6f6-3c36-beab-99613779a372,46.985497,28.841023
5c99b6d6-905c-32e9-b468-c3c79fc56b24,48.162485,28.284233
5ca0b0cf-2236-3208-8954-fe2c31536fd5,48.257537,27.979026
5cc92fb4-b678-3dc1-8349-bdf99d09d679,46.90881,28.80451
5cd45f30-4ed5-3541-9cb4-c99f73d61e88,47.858451,27.258608
5ce84aa4-90cf-3d02-ac1a-649557c86222,47.383782,29.119748
5d2e8a4b-975f-3f21-bff7-06ba84d85673,47.7613,28.3955
5de63172-6ea6-3c62-b9fa-d70f3c3cedae,47.4333,28.3988
5e05c493-33ef-3afa-a65c-dfdd3c27fd9b,47.013499,28.828395
5e66e2dd-0a4a-30d8-9367-55b7cf60b21d,46.226246,28.322691
5ebc15e3-867f-3c54-83ee-b913cb410de3,47.761757,27.901094
5ef57ab6-e336-3611-aa8a-0eb2a44c46ee,47.461606,28.44222
5f1bdfdc-8807-3377-87c2-cde561ffb3bc,47.935006,28.47075
5f45adf2-780e-35e2-b635-34f4de77d8fc,48.314499,27.22587
60597154-2a78-3f30-b531-a3fb6f7c75ed,48.267671,27.573181
607e6857-ba74-3989-b214-1c8f59f8c098,48.225074,28.281843
60fa43de-5a86-3743-a351-f87c63083133,48.10376,28.325734
61216e93-dfbe-3660-9525-f06ac5bddff6,47.26678,27.936136245
6187a3d3-67bf-3118-a74c-7f1a4d76d997,46.1121,28.60235
61a2bf62-cfbe-32ba-a3f9-b7d0c59175b3,47.8413887,28.2038898
61e46a09-75da-3b93-a40d-f67b1f58587c,46.335483,28.215454
658f3320-4057-3f55-b97b-af960f1ed91b,47.253312,28.075315
65318a50-a21d-3ac7-bcc7-24435a47add7,46.941599,28.723164
62c50670-946f-36cb-8904-6dab4036141d,47.269095,28.734122
64b39ac2-7c17-3b7e-b8cb-b544cba783c7,47.01047,28.84542
64f34629-43a2-325f-b196-1c6b18568c5d,47.592571,28.265404
64b6bfb3-780d-37e3-b874-d41a6cc1470c,47.813694,28.066474
650d837a-316f-3719-94c7-402300689a23,46.967629,28.110416
6507822a-8f25-3118-8ea4-21278d252041,46.830706,28.970861
658d9a42-b3d9-3713-ae6e-61b69318cac1,47.5840951,27.7091855
6551174b-a0e7-3190-adab-2e2cded2c979,47.020698,28.835633
653776e3-3a01-3369-a6cb-07bdb08354ad,47.750515,27.922235
65777e39-829d-3e82-af9a-35a0581278da,46.731603,28.224077
66d4348b-70e4-39de-998d-b6da7dcc4320,47.063223,28.9514795
68f85fff-22bf-36ec-8077-3fd751e8a3cb,47.347728,29.089766
6940507d-5e18-3199-a0cf-95a9a449af7a,48.041433,27.917911
6984907a-38a9-3f5b-9349-8974db8db52a,47.5722236,28.378334
69a3376d-5524-30f3-8bda-00a579e0e98c,46.9450348,28.7772418
6a0d3ace-4eb3-3c91-b0fa-4f72e65f5cfe,48.170863,27.651208
6a396522-46cd-336d-87f3-c70e9b22ba2d,47.55875,28.850201
6a3a4c76-1f8c-3a78-9b8f-9dcc6a95a335,47.209069,28.216262
6aa5c68e-f7ee-3a27-8d84-aaf5ac32e2ee,46.136401,28.482483
6a6d4284-6f4b-3073-906e-e0e23f2d2e63,48.096801,27.209409
6a814c52-f559-3f21-8cf0-1da5d1602948,46.515834,28.357778
6addc4b8-58ed-36ef-9ad7-d52ec4a2301a,46.328024,28.982385
6ae92f08-6885-38fd-b1b9-eb763ac9fae6,47.020016,28.854629
6b25ba77-616e-3b9c-89f5-8e1c659bc858,46.647821,28.302829
6ba350ef-5ca8-3a09-956b-741cdbc24158,47.721294,28.03795
6bf63b77-66fd-3f56-ab4d-f26d5dba9448,47.948612,28.797777
6bf7d6c1-df0c-37d1-b72b-f340a080a035,48.334445,27.895277
6c07ebde-a7ff-3d73-baf7-27c1499113d2,46.98281,28.895439
6c41c3b5-fcef-3133-94f2-9142b50a404a,47.7708288,27.5103744
6e53cf7f-3a21-3d1b-9ec3-b55d6421cabc,46.8313,28.7549
6e67df58-79d2-3d50-b447-2abf4ee5ea6b,47.05153,28.86601
6ea9483e-dcab-3977-8d49-4d86e6726060,47.3594,27.6025
6eabd6f0-86b1-3ed7-a659-375da5c5c4e8,47.285462,28.997463
6f147cc0-2fb8-3ae2-9b29-8a4adc944372,47.412518,28.984418
6f4a369f-d3d2-3221-8bdb-ba70b6406f80,47.019086,28.8323401
6fd317a4-3c35-37fc-90fb-bf65f6e32664,46.5083778,29.7423446999999
6fe1b3f1-df15-341c-a2c1-d118a8176bbb,47.489368,29.079093
6fef7486-9974-38f2-bb4c-c77575782c08,47.00186784,28.81094553
700a2ca0-a1bf-3aca-8722-06b724fd2624,47.758625,27.920523
717c54c5-5297-3c88-9947-066eb5564184,47.6129,27.7556
719ad9c1-7db8-3fd6-8eeb-5c8304a6b306,46.062277,28.818726
71a61815-42d7-3d32-bf2e-c30a44d5403a,47.9149,27.6103
71b6e7cb-1327-3092-be82-3d8e5423258e,47.80029,28.32549
71c64faf-47a5-360d-b45b-afbd6a1cfc4c,47.6899325,27.6076769
71d3d35f-ad62-3c3e-adef-362d653d3360,47.070922,28.072143
71de2e25-1696-3dae-b9f4-e0e1dc68fe78,47.867648,28.671121
71f70aa5-a7a3-35c9-95f3-a434edcc7545,46.904422,28.367206
72c0e1d8-fdfb-3f44-a444-7f8e5866b319,47.501604,28.358974
72d090f7-488d-3cdb-9686-daa09e140168,47.471561,27.864187
72ff1e4a-dbc6-3951-aaff-06a05c84ae2b,47.237997,28.822546
7347f86f-f973-305e-9224-377248cfea39,47.5218,27.8899
73bfeb8a-beaf-3fc9-be32-9e5c8b96799e,46.909524,28.673747
73da8d8f-e316-3aa8-b4af-d4e596c1e2d9,47.916368,27.980504
7452717f-41af-3f30-a88a-524206931893,47.1219,27.9197
7491008b-f075-37df-ab25-7b3ea8664613,47.3907,27.5911
74e0e2e1-cec7-3972-ba4b-8465dd873dda,46.165961,28.511884
74f5b5a1-af31-37c4-8cea-9907c709371e,47.056173,28.870843
74f7d118-e767-3179-93cc-f499e46f0a6c,47.04509,28.785381
75386394-fceb-31ec-a3c4-2902ca88cdf4,46.6683,28.463
7624a592-155a-3daa-8f32-a693da960da5,47.177804,28.123621
76bbd994-4ad3-352b-9153-027973739aa8,47.0563,28.2819
775e4370-b389-3f43-aa0d-7588d39d2fda,47.5596,27.4913
77d28385-fbec-3cf4-88e7-17dda1b25c88,48.0813,28.6075
77e19820-8528-3c63-a6ac-2f35755dbd7b,47.835166,27.940191
785fab3f-e47d-3172-a0a1-8204d4d6f81b,48.019809,27.668381
788146f4-383f-355e-ab69-46721db1213c,47.79113,28.9241
792c3a35-14b3-36a6-bde7-75d197b3a252,47.783767,28.59629
79b48514-8ba5-3df4-ac7c-5b48f522e145,46.983604,28.850512
79fca6fc-39b6-3be5-8849-afe1706d8cde,47.2263,28.9427
7a0386c7-7b17-3248-8682-388daa59269d,48.111589,28.537456
7a93a6dc-b3a5-3a6d-857b-40604370ea58,46.983998,28.80613
7b63255e-70bb-32c7-af7d-f24be378c06b,47.251579,28.31673
7bd1205f-a865-344e-ac64-c7e6f88f6a6a,47.353399,29.115563
84286b33-5750-3451-bbb0-5062e8113c25,47.132448,27.867131
7c216395-9215-3988-a49c-4f5b6eff0305,46.01091,28.17519
7c96a239-537a-352a-97f8-547965a31524,47.7655439,27.3187823
7cc9f946-dbda-3020-8d89-3c564bb8d7eb,47.9838,28.3822
7d7b1d3d-76e4-3edc-b1bb-f99815a6e9b7,47.337097,28.782934
7ded1725-f974-3d6b-a72f-b59eb4d96924,46.5808,29.5097
7e0a3106-b232-3ea0-a9a5-1cb263907bf6,47.883995056,28.8565711
7e57aa27-f53d-3bf4-bd60-b81650d5dd44,47.504512,28.283375
7e64ae87-8f7e-3ee1-ae68-bfe867d217da,47.28472137,28.856945
7e87e367-44e9-3df1-8284-85f76f516620,47.153655,28.515634
7e8a734c-2b2b-339e-9ee9-36e4986be088,48.46929,27.583552
7ea0d3bd-1e04-312e-9ef3-3e4456315854,47.978439,27.300524
7ec0a4f3-7b4d-3b57-99c0-0eee789f2eab,46.319775,28.276659
7fb2f7e3-6b33-3ff6-a360-624bf421168f,46.94084,28.14016
807037e8-841b-334d-9183-d8f35eb0f414,47.5948,27.8014
8115722f-88b3-367f-a891-9ef7d1e0803d,46.062324,28.82267
8177f25d-52e7-3e88-b291-b690bb085c24,47.298509,28.553112
81d6eff6-f6eb-35a3-aa5b-d7bfe35d50c2,47.054,28.456
81e21520-6013-3a81-9bef-17bfbc69490a,48.242228,26.875521
8381d3f8-6324-3d54-922a-290a1d807bd5,47.1352,28.0597
83a43e91-09e2-37d3-9cc9-5ae60ab54b74,47.13,28.82
83fadd46-6b7a-3b9c-9c42-770afa85a048,47.02623,28.787701
85bc093e-c672-3f04-b009-32dc3fe5da10,47.3894,28.843
86137b41-a43a-3921-963b-a29822889a5f,46.887778,28.408679
862cb3c3-ec96-39d5-9059-4ffc43cd1672,46.532,29.773
86348aec-c736-3bef-9581-b34ee1c14c22,47.7424770514421,27.7103893864
863fc2c9-7bc2-3239-9df6-d6ed39875d30,46.5777778,28.926389
869ed747-9406-3bdf-9c7a-7242fc82051c,46.861725,29.479042
86b13287-33ab-3b4d-ac58-6897bb3c4b38,47.0290777,28.6345037
86c73901-dad5-3f97-b31d-9d82d76a7b47,46.004961,28.665152
86d736e9-474f-3683-b220-5eb24aa1abe6,48.1833,27.2833
86ee39a7-7f14-3d48-956b-288b5160ce5d,47.858333,28.219722
872f5236-1303-3a98-bb11-fa2111922e98,48.202604,27.796463
879240d0-dc3c-39d1-9f2b-c84695c80210,46.509874,28.434245
87ddd052-173c-30c3-960f-de93343bc9e5,46.358095,28.82022
8869dc75-0f1c-3d90-8fe8-31f3b455ce50,47.2111811244183,29.1594090325833
886d9f45-a729-32ca-ae32-ff05bbd69c6b,47.988806,27.788132
8889e001-5cdc-3042-aea5-cd86b8ab92df,46.106125,28.764468
888a6c28-32bb-3d66-bd20-1cc6db0e4caf,46.6855,29.1569
89028146-7aa3-3c9f-9b14-9246683d6a6b,47.564049,28.017969
89d4c219-1151-3ab4-af74-0289de0e8809,47.0098159,28.816173076
89dc343d-51ce-388d-aff6-e5f85a78d137,47.4353584,28.6595912
89fd3938-2a51-3018-b9b9-250667db352d,47.9658,28.4669
8a1433f9-5f6b-3f42-8476-a12564a107ef,46.366982,28.662457
8a1c07c6-ab94-3cba-b0b9-cf9a6dec4a36,46.369578,28.522432
8a1f144f-fbd1-3fc8-98e9-513988b41dd2,46.522335,28.784002
8a9ca07e-7eb0-30be-982b-0806f24e5ab1,47.743392,28.474931
8aaf03da-85d4-3585-a221-0163de1e0bd4,46.590831,28.40277862
8be4005f-2ed9-3de7-bfcd-7f62266c14d7,47.79041,27.253635
8bf28829-9fc4-3782-865a-9e4f5f4da727,47.059807,28.857096
8d085c2f-c8ff-3c7e-b87d-303e6416058f,48.240771,27.606657
8d2ad7a4-4041-3571-8c40-671cefb41850,48.267841,26.800629
8d70d8c6-fad1-3f08-914f-fdaaaa3fe753,47.504512,28.283375
8d8760f0-9940-3b93-be17-dede2233daab,47.854003,27.910216
8e20dc15-63ea-31cf-916f-9bb143fef344,46.983945,28.67542
8e9f6d2d-e310-32d9-8059-e0ba79eca84c,48.362891,27.084909
8ea68785-db23-3fe2-a861-aa7dc1c32416,47.157579,28.133653
8eb87092-72c2-30e1-91e0-3781fb881372,47.165,28.2224
8ed6f23c-eee8-39e9-a7e6-097b773f7ba1,47.371321,28.4952477
8edb2734-aa10-36ca-a48d-7f4835122282,47.656447,28.47226
8f6563e6-e661-38be-9ee2-0d2ee0defc22,47.473526,28.577087
8feb459a-1c72-3e27-96fc-a1ed1a7a411d,48.3713144,27.847119
90525d50-62db-34fa-8a66-031674f6c9f8,48.225012,27.041527
9096636c-884f-32f0-94a0-bfd2c4d8bb3a,48.354706,27.189424
91001bea-c256-3ea3-9438-872c7f9839fb,46.881224,29.230506
911869c6-5af9-37c2-88f3-aa09a514cffe,46.975734,28.867228
91b22402-0187-3f9b-bc5a-9eb0b4fadf7b,47.87392,27.74781
91e3d9e9-f739-3c7b-bff1-a27cf1ae121b,46.671723,28.323256
92b84e34-c0da-326f-9cc6-4249de5f8821,47.1251,29.0001
93297adc-2c9d-3cf9-ba20-c7c1b226f7e1,47.417875,28.104711
9340443b-f784-30b4-896f-aeb165fa2666,48.369307,26.838156
93b2e14c-a71c-33e2-9280-6c05afb4343b,46.6141,28.2666
94425b6f-bdd4-35d8-9343-cac179906dc0,46.4491,29.526
94e04e16-2fcf-3bb5-b6ea-bbf67c7af7ed,47.831957,28.442494
94ea43a3-099f-37b0-9a44-8bf8c13cc73e,47.590586,28.500269
953f005c-4342-3249-8ceb-57fa65e9a13e,47.952202,28.507489
9583a3df-2e1a-381a-a0ee-832ae5105512,47.612244,28.739708
95b14879-e97f-3a66-a7bf-92f578974b66,46.827034,28.67079
95e02c15-5a81-3f5f-b663-35c1023ef01f,48.0408,27.6161
965f7a63-71cb-3dda-9c60-5c6b3e58e56a,47.80916595,28.9327774
968d9614-91b5-35fd-a387-4e139e6c60ea,47.866802,28.241044
96900867-033b-3ad7-a942-fb4492316793,47.057419,28.844159
96932233-fdd3-3dd2-8a06-d544a55b6370,47.04567,28.11156
96ae219e-b1b4-37f9-80c9-933a95839ef9,47.188006,28.458728
96eec56f-4e3d-3454-94e4-299dce38f095,48.102833,27.373164
9730e871-7fcd-33f6-894b-91e3fd058a25,47.038171,27.995395
976424bb-766c-363f-8dcc-40267e26fea8,46.292,28.2333
97e289a1-a141-35e4-8fc6-9d2dee58807c,47.223635,28.578869
985ecd19-0d64-3c5b-af5a-31a9ce4b8abb,47.258955,29.061009
99f95a4b-2fa4-3851-b82d-c31799a788aa,48.315757,27.560554
99fa20a2-6500-3043-a823-007d250f3724,48.043276,27.749377
9a01f1f4-18bf-3eb7-a4f6-8cf10c2c9bee,48.076504,28.214507
9a18e081-8b4c-3556-88db-e04a19c83450,48.41888809,27.81555557
9adcd96f-d1fa-3dfd-84ab-a991bfe4930a,47.8241,27.8544
9aef41f3-e384-3e16-aecd-f502ced062fd,47.5719299,28.5643288
9b13168d-b354-3ef0-9323-c592370c2bbc,47.013906,28.843368
9b43945c-7b4c-3074-ac21-b6b8a431787f,47.024507,28.849196
9b736022-5a47-3179-aee1-05f2317aec7a,47.0226726,28.8482317
9b96aa65-6ffb-3575-b539-098ae456e20c,47.4426901,27.5416101
9bc1fcf6-52e5-3461-9e34-ea3a231a4a6b,47.530447,28.775056
9bc53ffb-0815-3def-856c-2712686613ee,46.9297,28.6519
9c0516b2-897d-3d35-8f7f-b29c382b9f2a,46.4401,28.4516
9c10b63a-5502-3f30-8ea2-9f91c49804fb,46.96552,29.054693
9c2fab4d-d4ca-3bfe-9a75-adf831d63f34,47.750592,28.967086
9c4ebdb1-6fba-3b4c-8c3f-08620fb57b6c,46.497569,29.403156
9ca2055d-dcb1-3290-ab6e-b4bd4526bc7f,47.06669,29.01265
9d50b6cd-2570-34f1-a67e-ac73ea974d89,46.4519462,29.9825
9dc972f0-6ff2-3d38-aef8-42725537d5f6,48.265779,26.80089
9dc9cc24-e7bf-3e40-aff6-72476243671f,47.80466,27.73161
9dd4ed74-50ef-33ca-ae14-49ce42830c34,48.3217,27.7029
9e2f6057-0c0d-313b-b3b1-690df21a06df,46.221517,28.418067
9e36f269-361a-3e5e-b8cd-84a1b47bcdcd,47.22597,28.040303
9e731816-2423-3135-b433-18bba9cfb4c3,47.6922,28.5772
9f0ea201-05fe-32a8-bf0a-afffd8c71c6f,46.576945,29.779248
9f68ed5d-4a2e-34c6-81e0-a6f1321f8bda,47.369677,27.997167
9f6b19c8-70ad-369d-ba58-607fb6b703f2,46.86778,28.77444
9f903cf5-d9f8-3f91-bb2a-0c8376ced9af,46.300803,28.641467
9ff740b1-b30e-3a15-abfe-c95aa7d692e2,46.329048,28.401835
a024b080-ffff-305d-aa44-aff8ef8409bc,46.4936,28.529
a03f1976-6a00-3c9d-b8e5-f32ebf5b391f,47.69678,27.34282
a0a9c3a3-0be7-39c0-b3eb-8da42e3bc63f,47.4085735,28.7787723
a105095b-5d4e-3d39-adec-3cef8529f26b,47.030834,28.817759
a2925102-3e95-3650-aa29-6f791a6eb3c3,46.5168642196711,29.668742186811
a29f5cb3-dc3c-3a4b-9f45-26982dc2a22e,46.449016,28.879159
a2b99ade-5e82-3a4e-909c-60c16b7c2bef,47.329771,28.222892
a36ac793-71ab-3d51-8ebf-b5ee6f013d14,47.6955,28.8549
a36ced2d-e4bc-306a-9600-91e678a6c5d4,48.02821,28.36532
a423cd4a-ab15-3c9e-98d7-e7648154d208,46.84759,29.356854
a472c556-997c-37a3-9bad-3a7ed51ce0e0,48.420755,27.528597
a5af81ae-cadd-31fe-8f8d-ec69ef77bd23,47.056697,28.872337
a5d4f157-8907-3560-8a96-84061fc7abe1,47.723017,27.480175
a62bcd96-11bc-3132-968c-f9b6d893d9e1,47.671,27.7626
a6812cba-cce8-3a26-82df-d81dd188bb53,47.370055,28.280362
a6c7348c-94d7-3f8e-b89b-acf55d3dadd0,48.286521,28.061531
a6d8f8a5-f6f6-336b-8ebe-ff28a6c6d41c,47.2313,28.8636
a7602f85-d8c8-3553-9130-d87aff936bdc,45.890874,28.653645
a7c944bc-17fe-3185-ac68-78cef352f8b8,46.980707,28.865989
a8b33a86-77ed-329e-aa3a-7d44ae440300,48.141978,28.290137
a955f0c0-8d57-3779-bc67-936123d1d5ab,47.5099,27.7388
a9f1af69-3c4a-3e39-83a5-9f2931e0b0c3,46.168562,28.644932
aa203926-43b7-31aa-8816-585a2eb947d6,48.265763,27.076761
aa30b060-dec3-38b7-b677-66c31ac094fd,48.05,27.2514
abe2791d-a670-3574-8070-e666c09c36c2,47.980018,28.499265
abfc9895-2257-3a4f-94eb-383e3b3c246f,47.758892,28.293344
ac2c4592-6675-3749-8547-7b8e48a1ddff,47.900143,27.665801
ad47d98e-0235-35c9-bc39-595f25895708,47.868821,27.335273
ad982133-5c1b-353a-a44d-76f23dd8b12a,47.0192688,28.8308687
adb26c7a-25cb-3e6d-813c-a8e663627bba,47.5719,27.7469
adf26558-77af-3b09-ac98-13f14a1e7e51,47.56061,29.02013
ae0aa2b2-92ed-341f-9ec3-5f2514894b20,47.755288,28.693306
ae23a440-09db-347c-a618-b51ea41e8606,47.768952,27.936121
ae530dd5-e821-35c1-8c4b-b8c886090e35,46.4459,29.69092
af14b602-05cd-327f-bd7e-ba3b98b26eb8,46.601212,29.532332
af1aa50d-227b-3c7f-b1e5-cce21c854579,47.6694,27.8242
afab4c99-85e5-3aa2-87de-fe8a093a45c8,47.4863,27.8282
afe4f9bc-09a8-3545-803a-0ef7d208734c,47.768831,27.936131
b0321f57-72b9-3637-b966-023ddbd9ea05,48.224296,27.251398
b05a8ce7-d217-3f28-ba70-593aa41ffb41,48.023377,28.251054
fba4ae78-4e7c-30b0-bcb6-d82b57b482ea,47.32981,28.5647
b5547b13-76e6-3665-993a-c4ff36c8b43f,46.007499694,28.415277481
b1693de8-beef-30fe-ab03-bd95c0724717,46.976111,28.869045
b182f28a-d192-37ce-b00c-6835c708d55d,47.49048,28.524332
b1bcce30-d065-3f31-8e28-f809db1b75e6,47.419032,28.652383
b20431d8-64f3-349e-9f82-299ddb948211,47.3634785,28.571662902
b2261f6c-a87a-3bc0-bf0f-a500f9aa00bf,46.528115,28.242655
b2dfcae9-fd31-3dc0-97ec-d689aa33b456,47.23777,28.535669
b381c907-4e2d-3057-b829-56968f0c14ac,46.631689,28.484074
b5130f27-1f14-38b1-b6c8-40518f59796e,47.660165,28.049254
b547151f-9d03-3a16-986f-7f0d8e32c734,48.110508,27.693695
b59bb1ed-d7bb-3228-8750-fb93a09234a4,47.1481384628555,29.1395992050202
b55ba2af-da09-383b-889f-37f3e3f42d1b,46.841178,28.381634
b69e12f1-94ba-3144-ac3e-5c74c902dca5,46.996358,28.819253
b5ce9b13-6bca-3413-a739-b3ff37e54acc,46.387,29.871
b6ca5c48-2bad-3fb3-ab94-84da3aca5f83,47.561734,28.782695
b6e6f735-e748-308d-a6d1-106952cc39fb,46.54596,28.50311
b6f367f9-622f-3504-a17c-19a4b81392c4,47.04238,28.86465
b7202840-42f7-3181-8b64-36f42c2fb6e6,46.5205,29.6013
b7a50783-1b98-3d77-926a-d6b32612d6e4,47.398998,28.212156
b8686dca-38e0-3dde-9b8f-c20219d92611,47.133758,28.859433
b89c538f-b011-307d-bdd3-f25c78a6fc7c,47.747536,28.880688
b91ddba9-c572-3ab8-8a70-9fdf1570b327,47.31815,27.82055
b9560c25-0880-3a10-a25e-8a33b6d31a8a,45.894578,28.188989
b9585df1-a708-3f6f-bc4e-b06cd0c4d47c,45.9076,28.1909
b9aae0a1-ff47-30dc-9458-0ce610f540b5,47.8884907,28.2859835
bb6d8150-cf5d-3a22-b7a1-32eb08977391,48.1938,27.5124
bbeb0c0a-9a2e-36c8-bc54-f547db3f8a25,47.014101,28.753281
bbfc0f82-b0b9-331c-977f-e090052309a6,47.7586846,27.9323905
bc3be7e2-00e9-35f5-9080-dc826a585720,47.954631,27.560525
bca7140d-1b21-39c0-89e5-e77e8b63be14,47.5967,27.4472
bd9bba5d-6068-3107-b1b4-4ce00fd4bfb6,47.411523,28.279229
be89bd7b-fe7b-362c-9713-5b8a74f76141,46.0872,28.1722
bec4b281-b562-3a8a-90d0-88db76fd7d98,47.0688,28.6797
beff68ff-b660-3637-a26a-4c075c0516a8,47.57,27.7057
bf0dcd36-5572-321b-9863-66a228ec436f,47.474331,28.107932
bf25dd94-7d6e-394d-9a80-37f6e8fd193e,48.114885,27.7971101
bf38f044-0237-394b-bebf-2db10623fabf,47.045529,28.887475
bf41b628-2612-3486-9fd5-42eccfa9601a,47.379006,27.770289
c04ec697-efaa-32f0-a840-b9b45af98a68,47.514896,28.524188
c14e4b78-754f-3399-8f11-2c485a70345d,47.266667,29.166667
c18aae35-73d5-3adf-9a8c-9da6f3ba57a4,48.063909,28.316656
c192f00f-90ed-3a84-bed9-943c8ae0c1ae,47.290712,29.119509
c1dffce0-7f41-3fbb-9212-561c1bcd1b46,46.423512,28.613724
c1fd8351-14d8-3cb1-b1d7-8e63a8bdd921,47.16832,28.831064
c23cdf7a-011d-33a1-8942-a6805e1c17af,48.20878,27.4338
c2517535-3fc2-3968-95f7-c73b6c9170c1,45.9733,28.4741
c27a148a-a60e-3515-add4-0b9d49c4306a,47.621172,28.194392
c356349e-8b60-3819-9b21-adc0042ae4f1,46.6916,28.8161
c38e8cbb-5b5a-31be-859d-8147b6783bdb,48.139888,27.003458
c3e15da3-e2ed-3029-9df4-e6b36d9d69fc,46.678425,28.883287
c41e7918-19f3-30b9-860e-b4264c117c20,47.728,27.4397
c47f1132-a54c-3f40-a70e-b3b5ffb5519f,46.1722,28.2251
c48bbaae-cd5a-3856-a6ff-fc17122695b7,47.74139,28.783611
c4a3604c-9409-3ef9-b456-407441b05f09,47.832431,27.499175
c4e2ac16-b6e4-34d6-8de1-6855a835279e,47.655834,27.374444
c51c929b-e277-39a7-bbac-1ff9ad3c04ad,48.321531,28.042761
c5e4a5bc-c452-31d7-a58f-0887c03777c5,47.055696,28.870246
c5eca6ad-cea9-3fae-8275-9345236c1ca3,47.461171,27.659465
c6278d21-dfec-36b5-9621-2c85e79cdff0,47.330054,27.62785
c68404dd-f111-3af0-8288-22ce2c6384cc,46.836803,28.584824
c6a7eb93-ba17-329e-8874-978dfd987601,46.482214,28.957739
c6c86daf-c45b-35a7-8652-cdb7a579fedb,45.9458351135253,28.4844436645507
c6ceb29b-0d59-38a4-b518-a052d59539ec,47.35583,28.81556
c6f48ad8-9c7a-340f-8b42-00cb9a659660,47.84777832,27.313055
c7692943-18c0-37bf-8b75-f672fa39ddb6,47.377765,28.321165
c769441a-4e7e-3cc8-b158-0b836a5c7286,47.128024,28.892863
c76fe9ce-41b9-3c2b-98d2-5c87be64a7e1,46.560433,28.256051
c94bdfd5-3ce9-33ec-b573-b145635b7b20,48.36192,26.7952
c96ca720-525e-3d5a-9c64-d1413497d4ec,47.238781,28.931268
c991fef5-4145-3254-88cf-73f8e947fc07,46.4266662,29.6058330535
c9e89bba-f4d0-3d51-b1ca-30f5dea632d3,46.983758,28.858087
cad7bfef-220b-3752-84cd-015b2b04b239,46.308665,28.31896
cba73810-9083-3d2c-afd0-16a98f6ccc18,47.69222,28.48805
cbbddcd4-7763-3fa3-8a49-9f5b826baa01,46.573849,28.993814
cbd0566d-27c4-3382-917f-b1052c20019e,46.334806,28.965417
cc13d3fc-7cd8-3699-906d-b88506224361,47.964765,27.697984
cc5c1c5d-8e09-3832-b77a-5222c39504fa,47.783889,28.011389
cc691672-5cc2-3867-936f-b648d25ff9ed,47.9307199,27.5645475
cc891fff-5c23-35a6-92ea-da066ef7e2e3,47.021634,28.849446
cdb87dbf-0169-3f7e-8129-37bea6f5c3e2,47.048081,28.855948
cde762a3-c976-3730-a2f0-862877861077,46.941877,28.453184
ce20e8f2-67a3-39ed-9bc2-3e45adfd83c6,47.05098,28.8587
ce6a5fae-ebc5-3df8-b450-43909cdc39f5,47.00952,28.66474
ceb802ee-a6bc-3c36-ade7-17bae35b32fa,47.2390297,28.5260979
cf6145a3-0352-3334-88bb-101228e736dd,47.045059,28.958622
cf7c42ec-027e-3a85-999e-0200adddb636,47.043065,28.884511
cf93d4e8-fca3-300a-a971-d6e1ee0309b6,46.013427,28.735481
d019d795-ac87-3321-bf5c-1502f3d3098a,47.6647,28.638
d02017cb-882f-3474-a8fb-549a0ee1ff9e,47.12194442,28.27027702
d08c4225-e84f-3ff9-b962-bfc6d1a87c41,47.04393,28.883428
d0c0b5c0-fcc8-32b6-beb3-6013800ea1d0,47.410845,28.115556
d0da1707-7356-33c4-b238-2fb0ac97a3b7,47.558,27.6377
d0e61287-da08-37b3-a338-349d8e109e0b,46.692854,28.230578
d116de83-e56e-3b3f-bd60-fc510e040d15,46.325895,28.994235
d12c261a-a2d9-3e92-9190-02fee2ce022a,47.4650001525,29.108333587
d14420c6-8ff3-36c4-9518-16e7911ac01e,45.686155,28.403184
d1a92bd5-861b-3b1d-a122-39b3f66d801e,48.272469,26.669937
d1f5ffea-591f-35ef-8e8e-28a4f89dbab1,46.574263,28.324978
d217848e-3df5-36af-a787-b6103e8acb14,47.8076014,27.5978493
d2566f82-daff-3367-9856-7afb9d7056ed,46.295792,28.654212
d2c2b683-609a-3f19-a438-5d03d87b2864,46.994791,28.791895
d32eacfc-e04f-37bf-beac-d125d6c97621,47.895608,28.012529
d37620e6-2092-31a6-a173-ad4d9a74d514,47.57225,28.00544
d38f05ef-e89c-393c-906e-db3d29da7ec8,47.80292,27.718147
d404d35b-f532-3d52-b739-216c2fe42f00,47.786726,27.892982
d431b880-8308-3085-b75b-c91e46ec026b,47.150961,29.196234
d44fa5f2-8bba-38d1-aa6e-d179d04bcd2c,46.991916,28.833211
d51639bb-ad34-3d48-b011-44283d5495ae,47.836724,27.276304
d517f3b6-b9fd-33bb-8de8-8736039629a6,46.977104,28.850247
d60b9834-c751-3993-86cf-07b54019e3fe,46.914438,28.974275
d6534d3f-c90b-399f-ac5b-48eaa1b6d9cd,47.6186,27.6766
d6ed6b17-40ca-317f-93eb-4a3a3ad891b6,47.734201,28.440011
d7657366-0ad4-3185-a131-919137d2ca82,47.3952,28.0863
d7c0b94f-9525-36f7-be1d-ee794272d94e,48.159403,28.38069
d8aca2a7-6342-34a8-90f7-cd98c353a82b,48.197357,27.846807
d8ace8c9-defa-3c07-b9f8-25291512883e,48.1678254,27.6541984
d98dc306-6c4e-333c-86ed-46246f36eedf,47.157769,28.133679
d98e8879-76d7-375a-bf47-0f6897fa3033,47.889295,28.300586
d9d540e6-236b-38c8-bc35-d5102054371d,47.663027,27.482312
d9e531cf-e39b-3582-824d-10e9f3969874,47.748479,27.575227
da149cca-55be-3b48-91db-e35ef698386f,47.209186,28.711036
da4dc689-9797-3dd4-bc27-0a0a3194d570,46.51975,29.02832
da60bbef-a09b-38c4-a4df-c81ee9eda160,47.4328,27.5769
db403763-16ac-3e5e-bf07-66643d572ef8,48.408852,27.597806
dc16e172-deed-3a1f-8915-d575a9e633e9,47.99444,28.539067
de8b62a3-37fc-3666-9a3f-9d4cc1a94a2f,47.891755,27.594231
dc7bdb3e-3849-3114-8d4a-2a7d8d45bf8e,48.066198,28.515248
dc7f4a39-d306-3254-9639-554249686ae2,48.316718,27.972789
dc7f70a3-99af-3d9a-a89f-5f5b52aad697,48.073156,27.893815
dd0c67c4-942e-32ba-80fc-3145eca48552,47.020487,29.356837
dd35d872-52b8-3faf-a749-f115a89432e3,47.640084,28.15301
dd745dd2-1c21-3116-8e20-d4cab9840595,47.58752,28.343529
de89fd2c-3fb9-3cd7-ae17-0371e0edca53,46.136851,28.405557
e0848610-94fa-324c-befe-4c1d940bf92b,46.4709,28.4641
e17475d0-a040-321f-9904-6bbe428a3c0d,47.577553,28.721947
e187f550-9249-3ff8-b32c-028fbb2510c8,46.764947,28.338892
e1996fe5-d745-33e5-abb8-36c68159204c,48.1694474,28.2112717
e1a4182c-f408-348e-8b17-b3ac0eb692a1,47.6128,28.945
e1e2730d-8033-33f0-ab27-a02ed526674b,47.017913,28.058921
e22f1619-00f5-3d96-8f4f-c87d6ec70eec,47.940482,28.127726
e267fb16-a67b-362b-90c9-bfd226a21933,46.883104,29.224533
e2697e86-606f-3a8d-b1df-58a396830e7f,46.825303,28.594568
e2eacfcd-56ac-31b1-9beb-6d60503be066,46.156172,28.966196
e3423b3c-9b4d-3592-be14-973e8397a371,47.0875,28.8703
e34d2f33-921e-3096-ab68-25417bd82a96,47.2939,28.1329
e35ec8c4-7a32-3619-a6b4-e4b848b97cda,47.8891627,28.3240713
e38f6525-463f-35d5-8392-648923b48ffd,47.086317,28.016059
e3e005c6-6923-33f5-9404-643125b7685b,46.53877,29.85505
e43b95cc-dff9-3f3b-8140-e7c974fb66c9,46.252929,28.165423
e443a9d5-c716-368c-b93d-72d94df580a4,46.519271,29.456534
e69c9824-a985-3682-84aa-42350ad8654d,47.137535,28.861619
e6afa652-b93c-342d-8d72-c34515e3fc6f,47.9713859,27.3679981
e6d0e8ec-2337-3511-b556-5999ea0e545e,47.2137,28.4132
e6de171b-f2e4-36ad-800c-3850d4261383,45.9005,28.6016
e7084175-060b-3290-9cf9-80df96bad3d4,47.060647,28.864759
e762a631-750b-39a3-b4d0-3259d461cea6,47.253943,29.126574
e781ba8b-eb6a-34c8-bf6a-83d6bd3bae03,47.304605,28.351464
e7955630-8f5a-396d-857f-e9200029992c,47.220541,27.7961199
e7a19fd5-d52f-3ac8-9850-065a4df2e9f5,46.653954,28.686095
e87b58bc-74d1-32cc-9eec-5c7418e036ed,47.3397,28.758
e91a5828-cf1d-38f3-90eb-899aab039108,46.26925,28.51714
e9607299-2c74-3f5b-840d-6b52b80de837,47.728573,28.161524
ea028865-6e76-3386-b242-858a747f0afb,47.29583,28.37305
ea4dc1aa-8a9a-322c-93b3-47eb7f168e25,47.662608,27.586986
ea609c08-cecd-3148-bf75-2f77bf237f27,47.7596,28.98781
eab96710-d16e-308b-a3f4-7412683af922,47.096943,28.299655
eb2b8a2a-5037-3232-afa1-74fee1f537d4,48.123544,28.008335
eb664bdd-a773-35a9-aa05-928239361246,45.87068,28.25657
eb930db0-78c6-3cd2-ac2a-52204bf024ba,45.9380569,28.243610382
ebc24ada-b0bd-39d7-aa41-bddca3bd609f,47.758626,28.612393
ec223e71-0f3b-39d3-b1d9-195df77810fa,47.928697,28.589457
ec285c87-fc68-3f7e-b485-c616d097a2f4,48.1261,27.1302
ec71a5bd-5fa5-3c7e-8f33-b8e8523ac0c0,45.48288,28.19976
ec85dd2c-5b9e-3138-9cda-5d942f661866,48.38637,27.08992
ecc7eea5-8ac0-39e8-b41d-370468ef9723,47.597986,28.79235
ecfb5b72-e76f-3013-9c14-c28acb6b0aa2,47.023241,28.827136
ed470de5-80a5-3cae-9da4-1c31b5d886a0,47.764704,27.938991
edddeff5-8022-388d-9c43-4600a8c1a030,47.894783,28.289803
ee0c7a86-f8cb-3f6a-a997-cfdd28da83bf,47.362242,28.4389434
ee1ef0c6-1987-326a-8061-3747992e4cab,48.1208,28.1838
ef09f362-a0dc-37b3-805c-172b406fa619,47.723045,27.620697
ef0ac47b-8c4e-32ed-81c8-58d2db118417,46.996911,28.851583
efd48a33-e23c-3e23-b75e-315874f561f6,46.86972,29.118888
f0107e71-9383-37ea-aae5-04a1f0ac738f,47.323477,29.144388
f05c6d03-22c0-3f12-9970-5e2c107e20e4,48.298201,27.937592
f15a1ca1-cf0c-3a12-9c15-30695e4ad27d,46.7552,28.8227
f1ae09b6-88dc-3fad-ba39-eedc78833b12,47.00659,28.89379
f1c8c9ee-051b-3ec6-8acc-306879bc2dab,47.218805,29.016064
f1cedf03-be01-3b9f-8efb-97f67b690825,47.525712,28.558295
f1e8511e-3f2e-30be-b8ff-762f9b81d51e,46.83741,29.64606
f25cdac7-e62e-3581-89b5-eba7029d0d94,47.2095039,27.9020074
f267f248-3409-3a05-a67f-b54e9b9c9a5e,46.912623,28.89155
f2a96188-3a1b-381f-89e6-eacdae170ab3,46.997633,28.824049
f316f8d7-0209-3ae4-8366-52b617483a7e,46.884723,28.692433
f32b8d34-fe76-36a1-96ea-98632b893b4a,46.187882,28.763918
f32c9196-5c86-302c-b97e-873f790368e8,46.992905,28.8588536
f3603f05-bfc7-33b9-bf9d-a79fd9776042,47.2686,27.7519
f3aa737e-fccd-37bd-9fcd-cf239bea5290,46.278,28.2008
f3e04a6b-1a91-318a-8256-f254312239e1,48.377522,27.621943
f40bafb7-045c-30a0-b8e9-2c050cf6d694,48.145824,27.924417
f46c58b5-e3e8-3f9c-8434-0817b6324ea7,48.091297,27.046308
f51f0a9c-f1be-3e4b-883d-e08e04b2a425,48.209434,27.675547
f52c49e3-4112-3635-aedd-9f61e52edeaa,47.2061,28.0658
f537ea8e-dc93-3076-a605-63cb64ec99bc,46.805715,28.264885
f5657701-997d-32b2-8e0f-68e3675f1c0b,46.4099197387695,30.091007232666
f633274c-fefd-3fa3-9ddf-c087a1f70a0b,46.5155725,29.5138881
f6798b85-e704-3112-af4f-0ae3570b3cdc,47.2386,28.8066
f6b535e5-a963-363a-a4fd-2e5650a0aeac,48.25528,27.700277
f76701e4-4fae-3cc6-a812-51ff1923a820,47.321983,28.105323
f77b9ac2-0f3e-39f6-b3bc-934132c76a43,47.769871,27.896844
f7f7ea1b-8ab6-3f1a-b461-277e0389239b,46.995481,28.865466
f83b0b51-b0dc-3510-9c4f-c391e0046745,45.847351,28.4677
f8d18818-885c-3be8-8791-c6165f701720,46.0499,28.5249
f8ea0a4e-d56a-3c25-8f2d-723e3d5e9f80,47.695139,28.901054
f9c9b19a-8a3a-393d-a75f-2d9d080651b3,45.827377,28.320936
f9dbcf73-4671-32e2-a323-b80ed1d31a43,47.326967,27.885243
fa14c199-4b50-368e-be82-fbc8f102f588,46.6578,28.8446
fb389faa-2e7f-3d5e-8491-e594ef645351,45.54875,28.379313
fb029583-0cb0-3213-9b3f-6f5ae2890fad,47.495844,28.29438
fca6d955-81a1-3329-90be-c97337e92e45,47.38626331,28.787956237
fd1ce8b4-bd04-3327-a383-da1f731a04b4,46.985,28.942222
fd35ce1d-224d-3945-b6f7-4995002264a3,48.31083297,27.607500076
fd78ea9f-bc4b-33ff-8a5b-b84533c916b0,47.8311,28.403
fd923eea-3d41-39d5-a809-2b245adf1202,47.9872,27.4724
fdb6cf59-94cc-358e-bcd1-0550266882cf,46.43998,28.33031
fdfb6fa3-83bf-38d9-90dd-00732008ec8b,45.971942901,28.41194534
fe00fef2-9495-3e60-afc3-12704f908cce,47.486518,28.722458
ff04cbd6-d100-34e0-9aec-72226e5ff2f9,46.691112518,29.280555725
ff4c3bb0-3e2f-3ee7-bda5-85045cf56255,47.76022,27.894443
ff57758a-0103-345c-9cc0-3493d30c4a8e,47.878412,28.316675
ffc43c63-ef59-38f7-84fd-2b7961795cee,47.26442,28.352598
ffd27181-4249-30f3-947a-88b10595846a,46.3861,28.3763
05d08c07-e42e-37e9-b5d1-bc7090087c49,46.537524,28.93457
0633a6e8-9574-390b-b329-4e3330588cb6,47.635285,28.145883
11e02ba8-ebc0-3677-a3ce-ae11450bbbc1,46.71307,28.347228
11e12abb-3b17-30d1-a8eb-30be4f7b50c3,46.440945,28.759727
11f2282d-dfe4-3e80-a663-32fbf1dbecc1,46.832099,29.454823
1929fa4a-ec69-3c06-953b-c8cb1c3f74fe,48.3258,27.4233
1bd0fba4-192f-3a39-b5b6-136f1b8d3042,47.17169,28.741853
1e48a227-f8b5-30a3-9f27-3d1912662b7a,47.107083,28.395849
1ea543c3-5e3c-3a66-aec0-99ed30f7aeb2,47.381963,28.2441025
24451d9c-876f-3059-8f8e-e825ac5964a9,46.05632,28.807154
291e237b-ddf2-34c3-801f-35dbed79e87f,47.0343519412789,28.8512179533835
29be4df1-09f1-3657-819d-30b962c63855,45.90001,28.190142
2ae8291d-cee3-3f8f-a3ea-8a959ee6e684,47.409583,27.71053
2c00c30c-095b-3669-81ad-142adf14b707,48.433103,27.720429
2f23cc0b-e0ec-3e75-8f04-41a42055fbeb,47.9272,28.1508
2f83200d-464e-304f-82b8-63a1ba9c15ac,46.098135,28.678284
2f9075a0-ff8c-3be0-9f36-71278d617f20,46.705729,28.644617
35ae2b85-0d81-3f7d-8463-89fd3b31d707,46.433746,28.433683
3c5a6131-14c5-35c3-84ff-e5b14d507958,46.050126,28.169219
3c90cacd-6b85-3597-83fb-dcf4e579374d,48.2016677,27.4158325
3cb304d4-1b12-3399-a5da-381d0a40c76e,47.035096048692,28.8393654558758
42a131d8-b99b-3f80-a399-e68aa0541a29,47.90086,28.708425
49557882-f21c-30c7-ade1-5d8df39ba000,48.308508,27.110179
498aea4c-ad74-334d-8bda-e52e4c4f9e11,45.853,28.3155
4e0cf72d-f9f8-3c79-b1b6-baa1254228a9,47.03882,28.77415
4e3fa86b-36ec-387f-96d9-fd845750c3e5,47.0532,28.8935
542d428a-5e0d-3c55-8479-2a1d796249b2,46.413431,28.257191
5516dc31-4511-3b7d-b730-21e7327928d3,47.77781,27.50193
5a747dcf-9fee-3aa0-825e-440fa2f8d11e,47.507928,28.396979
5fe01818-9451-3716-8f7c-a43b99d1dd1b,47.9492,28.7352
60373a56-116b-3d86-a481-7683350ff8cd,47.7296831,28.0859464
661aff5b-7bd5-38aa-a210-180d9efcb46d,48.032367,27.818498
6648bc18-6fdf-3c85-84fd-0300c9f09887,47.371468,27.712036
6cdac269-a1d9-3179-a438-a8f4657ab00b,47.828,27.8391
6d663c4c-aef7-32a5-9c97-418dbbc06db3,46.838824,28.844584
7289823c-bf6e-34b2-b1e6-7a9e15073b07,47.173903,27.918219
84c9fa6b-3b70-38a7-824a-4be8b3b0c06b,47.041345,28.895031
729246ee-c1da-3ded-adb4-1163a912062f,47.5866,28.4033
7460077d-46a9-353d-a39d-67e52a3d20ea,46.5201,28.7842
77a6b7f0-ef5c-36d9-9752-667fefcfce45,46.9815818,28.864955
7c324a6b-63d2-3afd-913e-37542698609c,47.03383,28.838613
7e0fcc6a-44d7-3fac-9c97-76a4f51e40cb,45.853082,28.696149
7e1ef7c9-172b-3ca1-9eab-ea82333fafe1,46.2318852,28.7770661
7e94ddd8-d6f6-3bdf-a3af-aee15f9800b1,47.45657,28.350464
84caa5d5-a33a-3a5e-ba1c-932d58c123bd,46.107389,28.598816
856571a2-5ce6-3b93-b51c-ec5f2b335411,47.282987,28.58562
8d2a82a4-3f5a-3b81-94ec-203601c9bf70,47.227422,28.492012
8e2b73fa-412e-3cc7-81d5-251d5e58a3b2,46.945948,28.773451
8e661c75-ee04-37e4-95cd-870b5b9d30d9,46.945941,28.188862
8e921d2f-0706-3e68-863b-951e60e6ce0d,48.034103,27.808887
9404e56f-7c6b-3cc4-87c1-5781c680ab74,47.0351596,28.8305132
991158d0-e86e-3f10-9541-5fd2927b6bcf,46.6544,29.4919
99e82212-9abe-3bd6-9dbd-707c90021a5d,46.9915,28.880503
9ba3a3a4-4a05-3957-90ad-df24a9ad2ebb,46.05852,28.823764
9cd4777f-fed7-3354-af94-ced2450de9fb,46.693964,29.3262
9d4b3f31-59ef-3ecd-8cdf-4744ba27b988,46.197112,28.21815
a32a7f06-8942-365f-8492-c7d2b662497d,46.968003,28.590947
ab437f79-c5c5-390c-be9c-6f6bbae2b8ea,47.0623,28.1025
ab9f297f-7d7b-34be-a7a9-6f3a3d72e207,46.815426,29.209409
ac674fda-7668-3a7f-a31a-04533ae88d08,46.599177,29.24799899
b0a699a7-9851-3150-adef-c6cfcaf58604,47.82885,29.009881
b10c77c2-976d-36b9-aa70-c5082894a948,48.154725,27.499854
b7cfc5bb-20c5-3471-b628-989f490c9d1c,46.88366,28.626724
bdcc4e9f-2ada-38e6-b35c-0e85feb8f335,47.785027,28.398581
be10a220-6d8b-3f5b-a789-0793dcba125c,47.719003,27.414786
be238216-240c-3bb9-be8d-7dd54c0299ee,47.2187704,27.7940575
c2a375a7-0d9b-3d4b-90d7-f4d911b594ba,48.062522,27.079221
c2bcd614-901b-3f3c-9f54-30dcf4cb2fe7,47.3055585,28.9244892
c2ecc957-17a7-3220-ac7d-9ef3a33a3d65,46.9300876,29.1599324
c7cc1090-b13a-3b3a-b9b8-4eb4be94eecd,47.089093,29.346233
c7e90288-8462-39e8-b0b8-1ed1844bcc39,47.78778,27.89833
cee239ed-1100-32d8-99cd-430d46bc4506,48.110833,27.385278
cf59ab1e-bf66-38fd-8aea-89a24f8d4510,46.231676,28.152871
d284d6df-faa3-33e4-b2ce-9e9f355f5a0a,47.031228,28.824889
d2ac1ecd-b95d-3039-9ee5-58933d322be9,46.596837,29.345333
d6b47eb3-46ff-3b11-baa3-76befd3b2f5e,48.438297,27.786775
d8c28098-b2d1-3e21-9cc1-c8bdd73274fa,47.097998,29.180673
d8ca9025-5681-3383-b2a4-33404ac9167f,46.698,28.7058
d982d0f2-28a3-3fdc-9132-cac8c111863f,47.4327,28.0761
dfed06ce-b7ec-3602-a8db-f931a24a3700,47.718029,28.243181
e1954081-9588-31bf-b480-ea9c75b95197,46.053581,28.831844
e45dc249-23db-3172-82a7-f4cb0beecce8,48.032228,27.816849
e48633c0-5d00-31fa-86d8-4986d2ed0219,46.972623,28.16394
e54a8fd6-cb5b-324b-aa67-09786f8d7e2a,47.3739911,28.82538309
e598158c-3e6d-381c-9a41-8c2c45925f87,48.209274,27.119183
ea9b7608-1c7b-3e94-aa6a-b6acb8cd9ae8,47.11488,28.803781
eb2b3569-e589-305a-9ec0-f5cda87f258e,46.0813,28.483
ef160334-da35-350c-9a8a-6936955f6fab,46.0724,28.2241
ef930ed0-d36b-3322-a017-c8734d2bb7dc,47.0119438,29.12944412
efb0a0c4-ecf4-32c0-9006-67c1e286dd99,47.040128,28.799008
fbb58c86-8857-3600-977e-6fe07a79aef8,46.2087769365527,28.3188332736144
fbcc87f7-944f-3412-bdec-d4b5aa3e23e1,47.4679,27.7415
89d91c59-06c8-32e1-bcd4-f4c3ddf77f05,46.68629,29.05444
df15772b-217b-3d5d-8898-b1b7e20676b8,47.041314,28.893493
ec5f00b1-545c-369e-aa66-eb64b99091f5,46.962559,29.055767
1f9fe5fe-b155-3bb1-b52e-c30507601942,47.045761,28.895127
2e179779-8f67-35e5-b038-40651cc1047d,47.1432,28.6281
2f78abfd-60f7-377d-ad9c-edddf64a3d83,46.2780570983886,28.2008323669433
3e673564-5025-3efa-9515-dc79927a85cc,47.753508,27.92136
3e81bc3d-a56b-3973-8924-a2a27118d94d,45.9120188,28.1993113999
4e0a6dfc-68a0-3430-bb13-c96d4c4b9978,47.06115,28.85533
51700fd9-8974-37a6-9cd6-d29ed0344d5c,46.989849,28.847803
5c63062e-bb02-3b12-b2cd-3fba99da493e,47.04788,28.869113
772669e6-416b-3063-b276-16638a5c3de7,47.760072,27.901055
912e830f-5109-3245-a746-ccf434568851,48.153479,28.280667
9ca73230-08a4-39ab-b216-1487ff77d642,46.482073,28.250711
9fb90d97-cb78-3765-aa13-74df9556048e,45.9034,28.6755
a67185fb-a84d-3cf2-9be5-052e04d00716,47.497782,28.368234
b0a33c2e-d0d6-3b4f-93b4-b486ca0a5ba3,47.640857,28.347144
be541ccf-4126-3780-9c63-b72c1b2ccc92,47.5746,27.71396
cbbcd361-225f-33c7-97af-73e96bcb3816,48.418298,27.463632
d287d258-39c9-399e-80a5-a54afec72bed,46.9808315092043,28.8440070288853
e2a493dc-a7ca-3d47-828e-60d0c679e35c,47.0188,28.8128
bfd2b131-2611-3210-bb53-f890ce77017d,48.03329,27.812664
b333c662-35d2-3b45-8afe-5da1caf3dc92,47.3831,28.8231
ec236c65-a8e1-3de2-b290-5c73546446ec,47.25,28.766667
f6efe35a-63a2-3a05-a510-25686884e12a,48.237421,27.617104
3dbf5d02-1562-3d1f-8757-2f6663816d48,48.354028,27.080775
7a279976-7540-3999-8f7c-1c4a7fc6a1a5,47.0227,28.80693
d346e77d-614c-3853-bfde-10257458f940,47.037133,28.853463
3cde67e3-e51f-37aa-8cfa-6958e70fc8ad,45.915325,28.215977
aa38e9c9-4df9-3306-b3cd-dec912477051,47.18875,27.810588
b0478942-3dbc-34cc-ba94-e2e9b6955263,47.2113,29.16182
f6ab553d-7369-3874-a611-4e128ae0249e,47.220546,29.026105
71e93979-d820-3962-a7af-84169a85c119,46.058256,28.823804
92689203-5645-3785-aaf4-a44c950526cc,46.879906,29.237063
14eab1e9-2073-338f-8655-76ad09bf083d,46.5059,28.4626
1dfda116-0118-360c-8760-1aba0cbe29df,47.140268,28.596438
35ca4334-b86b-3598-94a5-964f39365d73,47.027873,28.824457
4c2797d1-7888-3709-835c-032f6d85d9af,46.7730366,28.9057289
5c841d96-e4c7-3ee1-ba60-f35a7b570668,47.0836389,28.188457383
6676441b-9555-3809-b489-029931b4f8fb,48.168511,28.303342
a793b9ac-b6e0-3a29-9e71-70efb99f1b25,46.995464,28.868745
01db18bf-75f4-3628-a1cc-edf92800af0b,47.570951,28.665461
020c03d5-23d7-34d1-b3fd-0f3f90b406ed,47.042732,28.767479
1116d182-0b97-31c6-9cdc-e48d51970ff4,47.637967,28.137839
394d5637-37f3-3fb2-8baf-44127e2d0f2f,45.59235,28.44806
542f1f4a-cad2-3c99-88c1-5633b4033afd,46.917924,28.250588
8b7682b8-5d39-35ef-af57-bfc1f902a911,46.4138,28.9127
93e39a8e-f887-3e2b-b815-e97858ae160a,46.33416,28.95886
9b5b428c-0b51-3c68-b196-71004ffb76a2,47.65821,28.354929
9f0c13ab-ba6e-33dd-b5ef-5b8a7027d80a,47.6413,28.6463
a4b313cf-ba5d-3012-a101-b3cc027d305e,47.4986,28.995
d086bd3f-2bad-3b62-8b6e-197daf536a4b,46.122911,28.871345
de10557f-42b6-3c7c-8a49-f94ee67bb5e6,46.613228,28.756455
e2c952f0-e9be-346e-80b7-e4612353f80e,47.0493125574158,28.8949495117005
0d66a7fb-b7bc-3327-88bb-77832aeeac9d,47.745555,28.62111
11dddfeb-b9c7-39d0-a6d7-4a5315a85e46,48.369952,27.199857
143599ca-0120-33a0-88e6-426be1df7e7b,48.246365,26.967083
29e5a823-147d-34de-879f-688416ed1d2f,47.169942,29.196184
356403d5-6511-3734-93be-e687a3b0c421,47.511163,27.64629
4d347465-43a8-30b1-a654-aec40897300b,46.2784542,28.2018044
5348e407-7a5d-3746-a490-88b3895d7603,47.500672,27.552819
54452b48-dc26-3d60-a629-d91db61cce53,46.1477,28.1672
5a77e881-4710-36c4-ba47-3322b6f08251,48.173878,27.286862
62a9ae90-868e-3782-8f29-45bd273576fe,45.9858,28.2211
6aa6bd8c-bccd-3719-8f42-dc84889a34d4,48.37101,27.33935
6bac2f52-a97e-3b89-9da2-c82d36079982,47.761162,27.926247
8b1984dc-d488-31a5-96eb-0dc4ea9e4c4c,46.06583404,28.3333339691
9534dbc2-a8aa-3d9c-bcd0-4f8d997c84db,47.055325,29.035575
a38c4273-b5ad-3b03-a272-f6502849792b,47.754451,28.565718
adaa18b8-4d4d-3ecf-8b71-09ea65af34fc,48.283056,27.448889
b91f8d62-c44a-32a9-96e5-33f58cd228b2,47.858032,28.177254
c115d585-ea48-3026-8cc8-a2e7413cbcc7,48.04613,27.77141
e65a8338-d458-34df-b748-0fce4a550d53,47.769581,28.977976
fbd3fa80-0e6a-36f0-b6b9-780a66852994,47.697626,27.919401
33cf18fb-08f6-3c4e-8bca-fcba2a38bc23,47.674548,28.805236
3b10c683-d4d3-3da9-b9e2-b66f23d86b67,46.29083,28.652794
5d7da280-7c14-31e2-b28a-04cf275c5181,46.7366,29.3208
c5c464de-f2da-34b6-b716-92d9daf54da2,47.130434,28.708427
dccbcfbc-44ea-3920-8dda-574e830d1b59,45.90425,28.19929
21da43f2-3e2b-3b62-8f06-4d72ee066910,47.0882,29.078341
45a2f405-b28b-3363-8406-c3f0ae854fe2,47.656564,28.780062
a29418e5-6c01-3ee0-99d0-86e54e1b0739,48.15904,28.30217
d142cb18-8243-373b-8ba0-69c0f0b5bb73,47.0045536,28.8660628
f9d66b29-de51-3af8-a7e1-552790e58c6d,47.05304,28.859813
2dad837b-efbb-3480-ab97-8e21216fa142,46.110613,28.603839
387ba594-89ce-3d2b-9984-cdeac5535e4d,47.20846,27.79858
5702c68c-910e-3fdf-a83a-b93eb2a750fc,47.040713,28.858773
7efaf6d6-47aa-3c3f-98d1-d9062f48c8bc,47.884007,28.468407
8764a43f-5115-3a5d-b182-6f52aa8e2fd3,46.0086,28.4716
8db952e7-0ef3-3bc2-9275-65c85d3977ce,48.11602,27.38462
9acbef43-7c5f-3854-bd59-e1a6891d6226,47.044214,28.783999
d533fd97-0279-320d-88ec-29929866e574,45.5228,28.4118
ea26516d-9ba5-37fc-a25f-2ad5b43f2ba7,47.985717,28.262426
f2c7ce66-68dd-3eba-899d-7939a6bbd534,48.247946,27.297383
f753c7a9-1b02-338d-bf45-27f0cde2d8b6,47.5883,27.5647
00489d16-4a90-3b44-ad06-0586be8d82de,46.308625,28.656858
01732452-5410-360c-8d20-da3832d68d3b,47.130828,27.971043
0218fad6-0279-3145-8b7b-b87c66deb6c2,47.614444,28.812778
02cc74a4-31c4-35b1-839a-04e9a7b5002c,46.091119,28.503216
031cbfd1-d465-39d1-bb6e-7ffdd746b535,47.028959,28.793759
07561dce-404e-32b0-a473-ec25d91bdd4e,46.528882,29.300185
07c06d4b-c15a-3fb5-9e57-b4631b538f05,47.930435,27.391563
088e5b51-cab7-3018-a81e-5af7e8b3c80d,47.777083,28.059669
08cfc144-a357-35a1-874b-9cfb4afcf64f,46.959978,28.497479
09af5092-de25-32ab-9fec-06b3f02b9c90,46.592,28.525
09bd80d1-1688-3112-9a34-fb02e79c704e,47.02302,28.823681
0ac2e64e-9237-3c4a-916f-d2ce8ae693b9,47.030552,28.789592
0b902bf9-e528-3ad6-9cff-f6a998837d5c,47.81594,28.79593
0ba70b71-3be3-30ac-b5e0-76c7321fd9ec,45.85610961,28.29166603
0c0bd6ea-a5c7-36c8-8ecc-8c6ee120b7b6,48.434658,27.64661
0de2379c-1d6b-34f7-ad01-e71c18dd33ba,48.348056793,27.48138809
0ed8a0b0-63ee-3757-b7fa-a65fee04be99,47.097865,28.820089
10e42791-9aa7-3765-9908-7c4b71d2b7fd,48.140208,27.550768
129b3bc7-770f-311d-8823-c26c6f80226f,46.998488,28.82142
1399ada8-f18d-31d2-9120-4c5fefcf7746,47.020553,28.82105
14a453c8-0809-34d0-bc86-9cdce5315484,47.4608,27.9711
1516fd6e-3c81-3099-b348-8551b7a0116f,47.878617,27.830858
17017783-9c59-3b16-ad7e-cce39b3454d3,47.28404,29.131063
18dca866-4e9f-3e0c-9252-1731a6afb69a,46.9705,28.7077
1923d37f-19ca-30bd-9ace-a15a1da77539,46.985335,28.876245
1a490c96-1ca9-3afb-908c-77547714380a,46.300472,28.6417
1bd9bd19-3e01-3b54-95ea-89258c64b242,47.080944,27.913532
1d1e9b7a-e571-38be-8c44-ffb403b312d5,46.02935,28.93654
1d9fa1ed-e471-315e-ab36-fa8a8351b4c7,45.906449,28.684659
1e41b42d-45b4-397a-bf66-48ad99d301f7,46.646783,29.144372
1efa1bbd-8335-3e2d-b4fe-8982ade0a1e6,46.91046,28.88925
2057a274-20fc-3049-b038-4a3bbac64d55,48.080781,28.40371
20b7272c-99e6-35ff-9991-6e4568b0499d,47.7646495,27.901510199
226768d3-9155-332e-ac0c-901bb7c753c3,47.08595,29.08189
234fe2cf-775a-3047-b1a0-625eeddde7ce,48.0154,27.3055
23e5edc7-626c-392a-85dc-07cd58bfa845,47.0758,28.2308
25701868-5891-3cd2-9e9c-9fbea33d4459,47.2165081,27.8074893
259086c1-0288-3b58-91fd-2f46725090c7,48.032276,27.816067
259f1305-4da9-3847-8aaa-58474a0df450,47.64848,28.738321
25fd4d24-66c6-381c-95af-7e23b17e5706,47.117538,28.50525
2774ac1a-706b-3018-9e22-4f3033628a29,46.918078,29.110833
29c9deb8-ebc3-314e-af77-ecc2f8bbc106,47.192767,28.088509
2d67e1e2-f833-3aa4-b296-f056f4baa68b,48.392802,27.512855
2e63284b-5e7f-3535-acd0-7a7f0eb94b25,47.306067,29.112205
2edd72da-2b21-3bda-8b7b-42f8e0e6d761,48.0408,27.6161
2f50c7b9-b839-3527-af2b-1631343849a7,48.256222,27.109403
31a36007-9474-3d56-8b96-997f14477aa1,47.35027,27.83527
321720ee-8cb2-3021-b167-9ac89150adf5,47.634879,28.142802
32539b28-f86f-376d-82e9-44a704c18932,46.759856,28.20833
32d26cc6-945d-3e78-8b31-3f343e951805,47.021026,28.83103
34889006-35fc-3258-af59-a2ec3f58e3e0,45.929443,28.4122219
35371c8c-fcf4-3874-91e2-ffdd776d365f,47.74733,28.95683
3666a2c9-7de6-3240-b6a3-dbffd4440c99,45.95472335,28.194166183
3673c49a-3cc4-35c2-a8a7-0eb53c9bd191,46.972187,28.253523
36a0ca5a-71a1-3b53-876c-5919347db2b0,47.053996,28.870079
36bb38e5-f4a7-3d5a-ab2f-9e90a6ef3deb,48.07189,27.899309
3a3ba939-a99f-3ae5-870a-0395222c95eb,47.6758346,28.9561119
3cfae53c-fd2d-359b-9bfb-3a2a62ab2dd1,46.640636,29.405466
3d7b1699-8548-3c92-bfc5-2248e24987b5,47.0282813,28.7645244
3d920389-d842-3b62-bf09-f834d18a9cb5,47.036203,28.883033
3fb32d7e-a6bd-3d42-b9f2-d10089b649c9,46.715839788092,29.6257288405274
40943f48-bc91-369e-8334-e3533b1b7aaa,47.437262,28.929167
42509c5c-baeb-339a-bf1d-7e7a52c87a2c,46.210604,28.942317
43077464-5363-3b85-b2e4-3789c3cd1ffa,47.06547,28.617789
454edbe0-0c65-35e9-affe-c6df24b4a5b9,47.848034,28.562896
45d2d9ce-e7e4-352e-9b65-e3ee5f410a7e,48.398494,27.870159
46024007-7abb-30ad-8c13-4b0fb547adb1,48.242327,26.8415
46f51eab-58f7-3005-b1b3-055525b778b4,47.028161,28.783917
48fd297e-c595-341a-861c-e5b013f892b5,46.985597,28.862055
4978baed-3ca3-36ec-b8a6-32554b59af1d,45.7611,28.1666
49ec6e9c-81c2-3e9c-a93d-3ba191a28a45,48.09155,28.014835
4b429bea-335f-376c-9ef3-fbcebc1663a7,46.663029,28.975159
4d29dda9-b8c1-3bbb-9f2b-81257080220f,48.282829,27.35063
4e4d4d5b-00e6-3942-b22b-a00032782fa4,46.820352,28.198801
4eb29903-59ae-31c6-8600-d6676b398044,47.615728,28.235561
4f47a2a4-a52b-3d6e-81c1-d12d2be41a61,47.409029,27.9273317
50888042-b509-33aa-9aaa-f7cbd71e076d,46.9925738,28.7855583
5223ea3e-bf00-32ce-9131-44ac594f5b6f,47.934,27.1945
5383c8a3-1a1d-34a9-8002-9a9690554d5d,46.03199,28.228288
54c9139d-b931-3fc6-8da9-238b603782b6,48.1279349,27.0515123
5664769a-7cf2-3972-af7b-03f4bf0b421b,46.306498,28.782041
57e383ef-abe1-31da-a950-5ce7a47bd337,47.696021,28.80795
58dfb495-c3b5-3547-853f-128e79c28de7,45.757001,28.38396
5a9483d4-04da-3c8c-8008-9429b37e99be,45.680534,28.404722
5d034e09-0d38-397d-910f-8e525147386d,47.210461,28.253219
5e66992a-3d52-3c97-a80b-d01f819c7867,47.143868,28.611627
5f9e164f-8462-3b2d-8d2d-17c14f6dc22f,46.760314,28.356977
61442b51-814a-330d-9d5f-054173d058ea,47.026014,28.334529
62bb4ed3-6953-3f52-aa7c-a9a94a7c99a2,46.967617,28.214119
6363661b-7600-34ff-b9df-9f1547c45fb3,47.888406,27.50414
636807b8-b6a1-3175-9c9f-1576d2bc9942,46.17161,28.277958
6373abb0-97c3-3f67-8f18-f8137d7491f9,47.875434,27.833601
63917f9f-26a5-3d50-a213-aef27330e84c,48.141398,27.976168
63d163e4-636f-33e1-94c7-bebd3cbbf23e,45.683672,28.404917
65feeaac-d1e0-3d79-b3fb-e631222fb514,47.082348,28.187559
6a52c521-af1d-378b-9929-7c4a73bdd36c,47.149758,28.677529
6afcac50-7a36-36c8-b53e-e21b05d11bb7,46.619463,29.351868
6d6fad73-5b85-3c7e-8c58-8b87c970fb08,47.147245,28.619642
aaae735d-eb8e-36f4-bdab-1a798195d62e,47.6247,27.5681
abe6e91c-e1e3-3b4f-bbd2-8813af86d4a9,47.3810621,28.8260866
6e4616c6-d5b2-3cdf-b8a0-1073e89eb08e,46.653057,29.5841674
6e5f7ad8-87e8-3bbb-9fb2-caa87bb07237,48.38022,27.43822
6fef23ab-d997-3d56-b433-28ae492d0a2c,45.7822,28.5697
704b682d-f8a0-3167-ab25-04f91b1e9509,47.9983,27.513
712363ea-9e37-3759-8e59-31f54aaf1616,48.406474,27.485387
72ba65af-b8c4-37ea-ae26-58fa5ec82d5e,46.991367,28.844834
731cd134-44e1-3ffa-abce-0086e6cf36bc,46.78393,28.213954
742efd6f-7206-32ae-89dc-99120ec27808,46.779,29.48023
74bd1768-8025-3929-bc12-fd0867af807e,46.325231,28.655511
74c9fa6e-9027-3751-9439-e42171274440,46.639,29.4098
74f42ef3-b7a5-3b20-9db8-f02481e543a2,48.095932,27.854527
75b96997-d772-3b3e-a8ee-48bb32bb6c61,46.292572,28.670396
77460f30-7269-3c11-990c-a6c1c8443d3d,48.147673,27.793908
77b9c895-38bd-37ea-9e5d-007bc0e36c73,45.8061103,28.1833324
785c8fbe-ca0e-37b5-aab3-3a157946dc73,47.04909,28.885801
79cf9d27-0bb5-365a-9639-5c35d52f6e51,48.153057,27.403888
7bdba0c2-fbf1-3a2a-b7d6-c94e27ee7a27,47.0392617,28.7744761
7be1f52d-f770-34e2-8040-9e27bad75686,47.753711,27.643908
7d1fd319-8ce6-3f59-a23e-bc0c246b8d79,47.0791,29.1447
7d48d47e-f7de-31d5-a7a7-4604246853ec,47.0064,28.855957
7e77ee5c-d6b8-341c-b3dd-9978f3eb8de9,48.351638,27.264481
7ec974c9-913a-3343-af34-32c47e924e7e,48.015529,27.931483
7ff39e5c-5f8c-3b38-9ee2-5fbff337b207,47.72719,28.060655
8059bd49-a130-3b29-a63f-16fbcb6c4cad,46.283686,28.22862
82e2dbb2-7c8b-338e-8912-a8d42251d83f,48.175766,28.319459
8391a37b-7ff0-3776-aa25-84149ab73d26,46.624168395,29.0019435
83c2c5f9-1a65-3e8c-b598-38df3cd2aadb,47.216812,27.796443
8615ce6e-9de9-34b9-9698-af1de547ae96,48.210554,26.918727
86403a84-6aa6-3e37-a477-eae58c4e60e5,47.60223,28.510526
876546d7-b910-3e6c-920b-6e4bd47f8520,47.860346,28.387301
87c72349-4bc6-3770-86ca-6039ebb5299a,46.109974,28.328829
88569573-9381-3a64-8f5c-af8b324a7d8e,48.13906,28.42023
89934c9a-5e8f-3cdf-a72c-1b33eb876dee,45.6777,28.1741
89abaaea-ffa3-3718-957b-3ebbc9e86729,45.9319,28.5811
89e47c14-cb3b-3c9f-953d-eaa153a2ee51,46.9824,28.8541
8b35f089-b93b-3ec0-9fd3-e30b6f9a13b8,47.027614,28.882362
8b6cf3bd-f822-3a55-9f28-3d1bf1278e7c,48.428068,27.344144
8d9a4469-bcbf-331d-a741-d5f57feba4d7,46.52358,28.77258
8ea2d4aa-b09e-31a9-8c52-4efed6f36fdb,48.201238,28.0473
8f562f0f-8453-305d-82f8-6c0d22e33b5b,46.180365,28.875338
90be0d35-000e-39f9-8262-127b274d71bd,47.060899,28.874034
9250c02e-518e-302c-999c-dd27ad2d7e76,48.231236,27.982539
92e2ea23-905b-309f-b66b-8505e9239e6d,47.6858,28.463
944d8fa0-a27a-3812-99d7-bac414a36199,47.06483,28.84338
9544c66c-185b-3688-a06b-06038877dd58,47.4161,27.8797
9550109e-3c4a-33b5-8b2d-0cfb7aac5e7b,47.3279,27.8833
95cef07b-ef8e-3df0-9c28-5a45ead99881,46.72271,29.114269
96a67f03-2df1-39e4-98ed-1ecdabb8bfff,46.35617,28.32504
97b06c7c-b4a8-32fa-955e-d9819778fb11,46.29763,28.655402
98affec5-306a-3472-96a4-4dc2c4c8d1e2,47.112848,28.17977
9a742dea-f1ed-3a2a-8df7-50236e0270ab,46.7441,29.3853
9bb61b9c-aee8-3c34-9afb-07c29fdaa2c3,48.266,27.854
9bfcb942-2125-35df-80d8-0e7707e9a82b,47.57068,27.70604
9c6742ca-6737-3a8c-8076-5c625b319811,46.572498,28.548334
9e18eb46-1ec6-3c70-97b2-843853ec1ff0,47.0267,28.2899
9f12a0ac-c277-3ed1-93bc-04688ac02125,46.981168,28.846931
9f862f78-cd7e-3a5c-968d-d3d258b0dda1,48.3774,27.7255
a2815a05-513c-311b-8bb2-3a9ff5538dd1,47.894545,28.360308
a2d958ac-50ed-3699-9109-8b542086d99b,47.825336,27.362266
a311311b-7f1d-3033-96cd-847f2934f6cd,46.00756,28.24291
a4184b98-a676-33be-ad61-1a1c332e3eb4,48.030519,28.534346
a6d54af4-fca0-36ac-a2c9-b726f6ade168,47.161193,28.424718
a9afb053-4ee4-3e7c-9b37-d4f33b502f1f,47.195837,28.344242
aa4efd83-3eb6-3223-ae66-bf5e9c0e7956,47.494417,28.074568
ac1cadaa-455b-3078-bdad-3a29fae0df71,47.957144,27.556903
ac681f88-2a2b-3960-9ede-e2fc1181851a,46.495822,29.9226379
ace698e5-b2f3-395d-8128-a00a4a1bf6f1,47.312143,29.068413
aec32ed6-1535-3306-b087-5c7cb24689a2,46.943333,28.324722
afdf57ca-68f6-3a27-a1ba-e3af56fa5208,46.796022,28.538052
b125b857-df71-37eb-ba91-f0594c70692f,47.753995,27.918415
b19bfb92-c41b-38a7-b40b-63e39b58eafb,46.972177,29.179739
b22cb534-5b38-32f2-bb17-40ae7382556d,47.976585,28.133634
b32c8a40-c553-308d-b8cf-71e1ef519174,46.2545502,28.8369183
b38c7391-5366-3c10-8d6e-d7cc4e908b6f,47.417729,28.748367
b3d564f1-eb5d-37e3-8422-d77566e708b1,46.094444,28.270555
b4747038-eeee-3c6d-ab50-d452abaae01a,46.429662,29.272165
b48c7bd9-989f-3d8c-88d7-ce55aaa7255d,46.9347229,28.99277687
b4a8a307-db9a-3c86-aec7-2737c687deef,48.2338,27.5998
b4daf1dc-a9c4-39ca-9045-69d3ac59d7d4,48.244515,28.177329
b4f352f2-b9f4-304c-84f6-b362c60f094d,48.33399,26.86192
b68d2121-1b5b-3dd3-8fb2-4e7de269a280,46.003898,28.661167
b79456cd-7af4-31c4-92cc-4016b8f4c224,48.074899,27.691452
b80a9b60-c477-3001-ab8a-3f7da2c44225,47.952015,27.562447
b87f8bc5-3055-35f6-8898-719b74bfdcfc,48.090793,28.286091
ba90cfe0-9bff-30ef-aa23-ebb806a897f0,47.044011,28.767192
bafae6bc-3b30-3e70-ac87-72ec860a5747,45.869522,28.585528
bb696423-46b8-3495-a891-a7385779ec63,47.030064,28.79134
bc16d0c5-9cad-32ed-b8e9-7bfe17b62f09,48.176384,27.302435
bee4a2b2-1630-3607-af37-93edbc0df525,46.676942,29.5273491
c030f0a5-cadb-3e96-9761-312d729b6add,47.092332,28.681331
c1e740d2-3c3b-3bc7-b005-8876999ac6ff,47.042397,28.767654
c29badb6-60d3-3cf0-84af-4065cc3813d2,47.20783,28.53615
c4b2f475-527a-3230-9ce6-37838a51341a,46.57346435935,29.12743806842
c50ed6b2-f68f-335d-9134-4cafeada9d86,45.8458328,28.19472312
c689ff4f-918c-30ad-90ee-394316aa88a0,48.011439,28.692859
c6c149d9-51b0-3619-8c9c-beb7e6299477,48.367411,26.841964
c8111424-4a0b-332a-9cfa-750d4f1c34e8,47.06,28.67
c89f90bf-fa79-3e89-a38f-2a2206714d54,47.649444,28.893888
ca17088f-ac34-36be-aa9b-81cace685156,47.7637,27.5146
cb2887e1-3f4e-3305-9bf3-0d3ad021fb06,47.02648,28.817532
cc05886a-7db5-3ac1-a3bb-f8310c4813bc,48.2286,27.5152
cd0a0436-69b3-3c6a-8025-d01d663a9c2f,48.075354,27.250836
cdc548c5-5aa6-3b56-b7c2-3d41385e6396,47.017285,28.838061
ceedddcd-868d-33ba-af87-0152421c7582,47.0055947013871,28.8236221867583
cf5d9c22-9873-38c2-86a7-aa1695c3d0ec,47.03926819,28.8647317
cfd72fab-dd48-35ab-8407-a092cd54293a,48.0194435,28.5983333
cfd9f381-9d94-38a8-8be5-dc98346dbed6,47.919142,28.552096
d0b70ef2-f2be-355a-b545-5e88908c0935,46.989261,28.824486
d143abc6-d06e-37a2-87f1-2037b5644511,46.821557,29.139224
d1520899-41d5-390f-9b87-43256f449870,47.373876,28.5272836
d366a899-cc97-3625-b23c-61c985806a61,46.231043,28.649063
d481d456-d5b8-338d-8c2e-f0b467ffb8cb,47.186412,28.103158
d4f3f988-cceb-33f7-bcfb-c666af988bda,45.7186126,28.18027687
d6debfbd-4e96-3b52-997d-76f1563abcda,47.7936096,28.433889
d7441ff1-7e12-331f-ab0a-c0f80f783a5b,47.6594,27.9381
d9c971bd-657d-3bb1-98f3-3e6759d40c92,47.475825,28.51932
da823578-3899-3e04-8f2a-cba2e95819ca,47.4640417,28.6668128
dc6a3657-6838-3f1c-abc2-560c856cc5e5,46.13354,28.34182
dd2a9def-75f6-3f16-be32-2d66e4696aa9,47.2257,28.711732
ddf2b6c3-f705-3aa6-8c12-9170c4a2d4b6,47.76047401,27.91960716
ded0b8d6-dceb-3719-b899-e5a54aeee8fe,47.148416,28.613444
e15b880e-19e7-3970-93fc-5d8b49eac864,46.9986,28.0794
e1ee9d64-56f6-3f92-b238-a68acb99e282,47.89531,28.29214
e2685a4d-c2a5-30bb-99d8-cb2fe2cdaf91,45.6405563354492,28.1763896
e3b2d284-260b-3b21-8d96-8fbfda8f42c3,47.1391833,29.05985
e5cd0b54-370b-3593-b6e0-1baa12b1ad4f,47.4447,27.9019
e638f904-483e-3d39-adf8-595420e28c75,46.648508,29.407298
e687e0a3-1e3c-3bcd-95fe-7d7782451511,47.057036,27.97966
e714dc53-0c94-3aed-90e6-292c0c7cca68,46.789118,29.365136
e8997fdd-7d0e-310a-b486-324153a26c6a,47.339016,28.925314
ea916535-495c-33ce-a280-640bf4f4db24,47.1528,28.1897
ea9c0dc4-e0d7-3c04-863a-9d3cf6e694e8,47.566783,28.0886
eb6bd25d-b5a8-30d8-ae4c-bf49b60400a7,47.67552,27.65493
eb752809-cef5-32fd-9ed9-16fae0b5c99c,45.5408737,28.1687909
ecaaf569-73af-3abf-bf65-e412296b08cc,46.906502,28.118157
edb2ef6f-bcc0-3698-a1e0-4b0baba36f2f,48.003888,28.120932
ee297251-89e5-30a0-836d-5acb97d9b0cc,48.432176,27.682785
f14a41e3-a661-378f-9be0-2d5ac9554b6f,46.517031,29.665259
f1873500-aefb-34ef-8825-272a84c68a17,48.0069,27.1383
f18f4267-86fb-3775-9225-68e5aa7547cf,46.369167,28.518533
f19fa0ca-faca-3f95-ab05-07e9dde830be,48.172952,28.116073
f41331e6-5b78-33ec-b98f-e1285d1e4ea0,48.05986809,27.4002806
f44e4048-6816-3884-a9db-819d0d86e80a,46.7191,29.52521
f54964fc-1eaa-3016-be0b-0ba4a654be0a,46.823607,28.189843
f55d0807-908c-3a12-ad09-0b11eb8a0e06,46.97669,28.866262
f7fa8b4d-910a-3b6e-88a3-b7427add1c7e,47.346203,27.968029
f9447c28-3aed-367d-a2fe-4ecfb4e1f510,47.374441,28.8211587
fad7d7f8-186e-39d5-8a9a-b19aa14219e7,48.16344,27.953677
fb9161a9-ba12-36eb-a647-dc84446ebc6c,48.1698802,27.306150099
fdc16775-9602-3104-a123-3e7f29bb4c15,48.170569,27.307942
fe6df13a-a337-30d4-9837-a9f4e8bceca1,48.0609,27.4827
